Workbook
Name DeliveryDayList: DeliveryDays[Delivery_Day]
Name ProfileList: DemandProfile[Profile]
Name Weekday_List: WeekdayList[Weekday_List]

Sheet Instructions

Sheet Order_Planner
A2: Stocktake Day | B2: Sunday
A3: Next Delivery Day | B3: Monday
A4: Include delivery day in pre-demand? | B4: TRUE
A5: Demand Profile | B5: =Forecast_Model!E14 -> Normal
A8: Item | B8: Current Stock | C8: Incoming Ordered | D8: Order Qty | E8: Status | F8: Coverage Demand | G8: Adjusted Buffer | H8: Total Required | I8: Revenue at Risk | J8: Stock Runway Days | K8: Pre-Delivery Demand | L8: Projected Stock Delivery
A9: Sauce A | B9: 8 | C9: 1 | D9: =MAX(0, ROUNDUP(tPlan[[#This Row],[Total Required]] - (tPlan[[#This Row],[Current Stock]] + tPlan[[#This Row],[Incoming Ordered]]), 0)) -> 5 | E9: =IF(tPlan[[#This Row],[Projected Stock Delivery]]<=0,"URGENT", IF(tPlan[[#This Row],[Order Qty]]>0,"ORDER","OK")) -> ORDER | F9: {=_xlfn.LET( _xlpm.item, tPlan[[#This Row],[Item]], _xlpm.prof, $B$5, _xlpm.usageRow, _xlfn.XLOOKUP( _xlpm.item&"|"&_xlpm.prof, UsageProfiles[Item]&"|"&UsageProfiles[Profile], UsageProfiles[[Mon]:[Sun]], 0 ), _xlpm.effMultRow, _xlfn.XLOOKUP( {"Monday","Tuesday","Wednesday","Thursday","Friday","Saturday","Sunday"}, ForecastTbl[Weekday], ForecastTbl[Effective_Multiplier], 1 ), _xlpm.coverFlagsRow, _xlfn.XLOOKUP( $B$3, DeliveryCoverage[Delivery_Day], DeliveryCoverage[[Mon]:[Sun]], 0 ), SUMPRODUCT(_xlpm.usageRow, _xlpm.effMultRow, _xlpm.coverFlagsRow) )} -> 4.1780775 | G9: {=_xlfn.LET( _xlpm.item, tPlan[[#This Row],[Item]], _xlpm.prof, $B$5, _xlpm.baseBuffer, _xlfn.XLOOKUP( _xlpm.item&"|"&_xlpm.prof, UsageProfiles[Item]&"|"&UsageProfiles[Profile], UsageProfiles[Buffer], 0 ), _xlpm.profMult, Forecast_Model!$E$15, ROUNDUP(_xlpm.baseBuffer * _xlpm.profMult, 0) )} -> 3 | H9: =tPlan[[#This Row],[Pre-Delivery Demand]] + tPlan[[#This Row],[Coverage Demand]] + tPlan[[#This Row],[Adjusted Buffer]] -> 13.178078 | I9: {=_xlfn.LET( _xlpm.item, tPlan[[#This Row],[Item]], _xlpm.prof, $B$5, _xlpm.salesUnit, _xlfn.XLOOKUP( _xlpm.item&"|"&_xlpm.prof, UsageProfiles[Item]&"|"&UsageProfiles[Profile], UsageProfiles[Sales_per_unit], 0 ), MAX(0, tPlan[[#This Row],[Total Required]] - (tPlan[[#This Row],[Current Stock]] + tPlan[[#This Row],[Incoming Ordered]])) * _xlpm.salesUnit )} -> 2089.0388 | J9: {=_xlfn.LET( _xlpm.item, tPlan[[#This Row],[Item]], _xlpm.prof, $B$5, _xlpm.usageRow, _xlfn.XLOOKUP( _xlpm.item&"|"&_xlpm.prof, UsageProfiles[Item]&"|"&UsageProfiles[Profile], UsageProfiles[[Mon]:[Sun]], 0 ), _xlpm.effMultRow, _xlfn.XLOOKUP( {"Monday","Tuesday","Wednesday","Thursday","Friday","Saturday","Sunday"}, ForecastTbl[Weekday], ForecastTbl[Effective_Multiplier], 1 ), _xlpm.coverFlagsRow, _xlfn.XLOOKUP( $B$3, DeliveryCoverage[Delivery_Day], DeliveryCoverage[[Mon]:[Sun]], 0 ), _xlpm.covDays, SUM(_xlpm.coverFlagsRow), _xlpm.covDemand, SUMPRODUCT(_xlpm.usageRow, _xlpm.effMultRow, _xlpm.coverFlagsRow), _xlpm.dailyDemand, IF(_xlpm.covDays=0, 0, _xlpm.covDemand/_xlpm.covDays), IF(_xlpm.dailyDemand=0, "", ROUND((tPlan[[#This Row],[Current Stock]]+tPlan[[#This Row],[Incoming Ordered]])/_xlpm.dailyDemand, 1)) )} -> 4.3 | K9: {=ROUNDUP( _xlfn.LET( _xlpm.stDay, TRIM($B$2), _xlpm.delDay, TRIM($B$3), _xlpm.incDel, $B$4, _xlpm.dayNames, {"Monday","Tuesday","Wednesday","Thursday","Friday","Saturday","Sunday"}, _xlpm.idxSt, _xlfn.XMATCH(_xlpm.stDay, _xlpm.dayNames, 0), _xlpm.idxDel, _xlfn.XMATCH(_xlpm.delDay, _xlpm.dayNames, 0), _xlpm.days, {1,2,3,4,5,6,7}, _xlpm.idxEnd, IF(_xlpm.incDel, _xlpm.idxDel, _xlpm.idxDel-1), _xlpm.flags, IF( OR(ISNA(_xlpm.idxSt), ISNA(_xlpm.idxDel), _xlpm.idxEnd<1), {0,0,0,0,0,0,0}, IF( _xlpm.idxSt<=_xlpm.idxEnd, --(_xlpm.days>=_xlpm.idxSt)*(_xlpm.days<=_xlpm.idxEnd), --((_xlpm.days>=_xlpm.idxSt)+(_xlpm.days<=_xlpm.idxEnd)>0) ) ), _xlpm.usageRow, _xlfn.XLOOKUP( tPlan[[#This Row],[Item]]&"|"&$B$5, UsageProfiles[Item]&"|"&UsageProfiles[Profile], UsageProfiles[[Mon]:[Sun]], 0 ), _xlpm.effMultRow, _xlfn.XLOOKUP( _xlpm.dayNames, ForecastTbl[Weekday], ForecastTbl[Effective_Multiplier], 1 ), SUMPRODUCT(_xlpm.flags, _xlpm.usageRow, _xlpm.effMultRow) ), 0)} -> 6 | L9: =MAX(0, tPlan[[#This Row],[Current Stock]] - tPlan[[#This Row],[Pre-Delivery Demand]]) -> 2
A10: Frozen Item A | B10: 20 | C10: 5 | D10: =MAX(0, ROUNDUP(tPlan[[#This Row],[Total Required]] - (tPlan[[#This Row],[Current Stock]] + tPlan[[#This Row],[Incoming Ordered]]), 0)) -> 10 | E10: =IF(tPlan[[#This Row],[Projected Stock Delivery]]<=0,"URGENT", IF(tPlan[[#This Row],[Order Qty]]>0,"ORDER","OK")) -> ORDER | F10: {=_xlfn.LET( _xlpm.item, tPlan[[#This Row],[Item]], _xlpm.prof, $B$5, _xlpm.usageRow, _xlfn.XLOOKUP( _xlpm.item&"|"&_xlpm.prof, UsageProfiles[Item]&"|"&UsageProfiles[Profile], UsageProfiles[[Mon]:[Sun]], 0 ), _xlpm.effMultRow, _xlfn.XLOOKUP( {"Monday","Tuesday","Wednesday","Thursday","Friday","Saturday","Sunday"}, ForecastTbl[Weekday], ForecastTbl[Effective_Multiplier], 1 ), _xlpm.coverFlagsRow, _xlfn.XLOOKUP( $B$3, DeliveryCoverage[Delivery_Day], DeliveryCoverage[[Mon]:[Sun]], 0 ), SUMPRODUCT(_xlpm.usageRow, _xlpm.effMultRow, _xlpm.coverFlagsRow) )} -> 13.578752 | G10: {=_xlfn.LET( _xlpm.item, tPlan[[#This Row],[Item]], _xlpm.prof, $B$5, _xlpm.baseBuffer, _xlfn.XLOOKUP( _xlpm.item&"|"&_xlpm.prof, UsageProfiles[Item]&"|"&UsageProfiles[Profile], UsageProfiles[Buffer], 0 ), _xlpm.profMult, Forecast_Model!$E$15, ROUNDUP(_xlpm.baseBuffer * _xlpm.profMult, 0) )} -> 4 | H10: =tPlan[[#This Row],[Pre-Delivery Demand]] + tPlan[[#This Row],[Coverage Demand]] + tPlan[[#This Row],[Adjusted Buffer]] -> 34.578752 | I10: {=_xlfn.LET( _xlpm.item, tPlan[[#This Row],[Item]], _xlpm.prof, $B$5, _xlpm.salesUnit, _xlfn.XLOOKUP( _xlpm.item&"|"&_xlpm.prof, UsageProfiles[Item]&"|"&UsageProfiles[Profile], UsageProfiles[Sales_per_unit], 0 ), MAX(0, tPlan[[#This Row],[Total Required]] - (tPlan[[#This Row],[Current Stock]] + tPlan[[#This Row],[Incoming Ordered]])) * _xlpm.salesUnit )} -> 9578.752 | J10: {=_xlfn.LET( _xlpm.item, tPlan[[#This Row],[Item]], _xlpm.prof, $B$5, _xlpm.usageRow, _xlfn.XLOOKUP( _xlpm.item&"|"&_xlpm.prof, UsageProfiles[Item]&"|"&UsageProfiles[Profile], UsageProfiles[[Mon]:[Sun]], 0 ), _xlpm.effMultRow, _xlfn.XLOOKUP( {"Monday","Tuesday","Wednesday","Thursday","Friday","Saturday","Sunday"}, ForecastTbl[Weekday], ForecastTbl[Effective_Multiplier], 1 ), _xlpm.coverFlagsRow, _xlfn.XLOOKUP( $B$3, DeliveryCoverage[Delivery_Day], DeliveryCoverage[[Mon]:[Sun]], 0 ), _xlpm.covDays, SUM(_xlpm.coverFlagsRow), _xlpm.covDemand, SUMPRODUCT(_xlpm.usageRow, _xlpm.effMultRow, _xlpm.coverFlagsRow), _xlpm.dailyDemand, IF(_xlpm.covDays=0, 0, _xlpm.covDemand/_xlpm.covDays), IF(_xlpm.dailyDemand=0, "", ROUND((tPlan[[#This Row],[Current Stock]]+tPlan[[#This Row],[Incoming Ordered]])/_xlpm.dailyDemand, 1)) )} -> 3.7 | K10: {=ROUNDUP( _xlfn.LET( _xlpm.stDay, TRIM($B$2), _xlpm.delDay, TRIM($B$3), _xlpm.incDel, $B$4, _xlpm.dayNames, {"Monday","Tuesday","Wednesday","Thursday","Friday","Saturday","Sunday"}, _xlpm.idxSt, _xlfn.XMATCH(_xlpm.stDay, _xlpm.dayNames, 0), _xlpm.idxDel, _xlfn.XMATCH(_xlpm.delDay, _xlpm.dayNames, 0), _xlpm.days, {1,2,3,4,5,6,7}, _xlpm.idxEnd, IF(_xlpm.incDel, _xlpm.idxDel, _xlpm.idxDel-1), _xlpm.flags, IF( OR(ISNA(_xlpm.idxSt), ISNA(_xlpm.idxDel), _xlpm.idxEnd<1), {0,0,0,0,0,0,0}, IF( _xlpm.idxSt<=_xlpm.idxEnd, --(_xlpm.days>=_xlpm.idxSt)*(_xlpm.days<=_xlpm.idxEnd), --((_xlpm.days>=_xlpm.idxSt)+(_xlpm.days<=_xlpm.idxEnd)>0) ) ), _xlpm.usageRow, _xlfn.XLOOKUP( tPlan[[#This Row],[Item]]&"|"&$B$5, UsageProfiles[Item]&"|"&UsageProfiles[Profile], UsageProfiles[[Mon]:[Sun]], 0 ), _xlpm.effMultRow, _xlfn.XLOOKUP( _xlpm.dayNames, ForecastTbl[Weekday], ForecastTbl[Effective_Multiplier], 1 ), SUMPRODUCT(_xlpm.flags, _xlpm.usageRow, _xlpm.effMultRow) ), 0)} -> 17 | L10: =MAX(0, tPlan[[#This Row],[Current Stock]] - tPlan[[#This Row],[Pre-Delivery Demand]]) -> 3
A11: Bread Item A | B11: 8 | C11: 2 | D11: =MAX(0, ROUNDUP(tPlan[[#This Row],[Total Required]] - (tPlan[[#This Row],[Current Stock]] + tPlan[[#This Row],[Incoming Ordered]]), 0)) -> 5 | E11: =IF(tPlan[[#This Row],[Projected Stock Delivery]]<=0,"URGENT", IF(tPlan[[#This Row],[Order Qty]]>0,"ORDER","OK")) -> ORDER | F11: {=_xlfn.LET( _xlpm.item, tPlan[[#This Row],[Item]], _xlpm.prof, $B$5, _xlpm.usageRow, _xlfn.XLOOKUP( _xlpm.item&"|"&_xlpm.prof, UsageProfiles[Item]&"|"&UsageProfiles[Profile], UsageProfiles[[Mon]:[Sun]], 0 ), _xlpm.effMultRow, _xlfn.XLOOKUP( {"Monday","Tuesday","Wednesday","Thursday","Friday","Saturday","Sunday"}, ForecastTbl[Weekday], ForecastTbl[Effective_Multiplier], 1 ), _xlpm.coverFlagsRow, _xlfn.XLOOKUP( $B$3, DeliveryCoverage[Delivery_Day], DeliveryCoverage[[Mon]:[Sun]], 0 ), SUMPRODUCT(_xlpm.usageRow, _xlpm.effMultRow, _xlpm.coverFlagsRow) )} -> 4.1780775 | G11: {=_xlfn.LET( _xlpm.item, tPlan[[#This Row],[Item]], _xlpm.prof, $B$5, _xlpm.baseBuffer, _xlfn.XLOOKUP( _xlpm.item&"|"&_xlpm.prof, UsageProfiles[Item]&"|"&UsageProfiles[Profile], UsageProfiles[Buffer], 0 ), _xlpm.profMult, Forecast_Model!$E$15, ROUNDUP(_xlpm.baseBuffer * _xlpm.profMult, 0) )} -> 4 | H11: =tPlan[[#This Row],[Pre-Delivery Demand]] + tPlan[[#This Row],[Coverage Demand]] + tPlan[[#This Row],[Adjusted Buffer]] -> 14.178078 | I11: {=_xlfn.LET( _xlpm.item, tPlan[[#This Row],[Item]], _xlpm.prof, $B$5, _xlpm.salesUnit, _xlfn.XLOOKUP( _xlpm.item&"|"&_xlpm.prof, UsageProfiles[Item]&"|"&UsageProfiles[Profile], UsageProfiles[Sales_per_unit], 0 ), MAX(0, tPlan[[#This Row],[Total Required]] - (tPlan[[#This Row],[Current Stock]] + tPlan[[#This Row],[Incoming Ordered]])) * _xlpm.salesUnit )} -> 1880.1349 | J11: {=_xlfn.LET( _xlpm.item, tPlan[[#This Row],[Item]], _xlpm.prof, $B$5, _xlpm.usageRow, _xlfn.XLOOKUP( _xlpm.item&"|"&_xlpm.prof, UsageProfiles[Item]&"|"&UsageProfiles[Profile], UsageProfiles[[Mon]:[Sun]], 0 ), _xlpm.effMultRow, _xlfn.XLOOKUP( {"Monday","Tuesday","Wednesday","Thursday","Friday","Saturday","Sunday"}, ForecastTbl[Weekday], ForecastTbl[Effective_Multiplier], 1 ), _xlpm.coverFlagsRow, _xlfn.XLOOKUP( $B$3, DeliveryCoverage[Delivery_Day], DeliveryCoverage[[Mon]:[Sun]], 0 ), _xlpm.covDays, SUM(_xlpm.coverFlagsRow), _xlpm.covDemand, SUMPRODUCT(_xlpm.usageRow, _xlpm.effMultRow, _xlpm.coverFlagsRow), _xlpm.dailyDemand, IF(_xlpm.covDays=0, 0, _xlpm.covDemand/_xlpm.covDays), IF(_xlpm.dailyDemand=0, "", ROUND((tPlan[[#This Row],[Current Stock]]+tPlan[[#This Row],[Incoming Ordered]])/_xlpm.dailyDemand, 1)) )} -> 4.8 | K11: {=ROUNDUP( _xlfn.LET( _xlpm.stDay, TRIM($B$2), _xlpm.delDay, TRIM($B$3), _xlpm.incDel, $B$4, _xlpm.dayNames, {"Monday","Tuesday","Wednesday","Thursday","Friday","Saturday","Sunday"}, _xlpm.idxSt, _xlfn.XMATCH(_xlpm.stDay, _xlpm.dayNames, 0), _xlpm.idxDel, _xlfn.XMATCH(_xlpm.delDay, _xlpm.dayNames, 0), _xlpm.days, {1,2,3,4,5,6,7}, _xlpm.idxEnd, IF(_xlpm.incDel, _xlpm.idxDel, _xlpm.idxDel-1), _xlpm.flags, IF( OR(ISNA(_xlpm.idxSt), ISNA(_xlpm.idxDel), _xlpm.idxEnd<1), {0,0,0,0,0,0,0}, IF( _xlpm.idxSt<=_xlpm.idxEnd, --(_xlpm.days>=_xlpm.idxSt)*(_xlpm.days<=_xlpm.idxEnd), --((_xlpm.days>=_xlpm.idxSt)+(_xlpm.days<=_xlpm.idxEnd)>0) ) ), _xlpm.usageRow, _xlfn.XLOOKUP( tPlan[[#This Row],[Item]]&"|"&$B$5, UsageProfiles[Item]&"|"&UsageProfiles[Profile], UsageProfiles[[Mon]:[Sun]], 0 ), _xlpm.effMultRow, _xlfn.XLOOKUP( _xlpm.dayNames, ForecastTbl[Weekday], ForecastTbl[Effective_Multiplier], 1 ), SUMPRODUCT(_xlpm.flags, _xlpm.usageRow, _xlpm.effMultRow) ), 0)} -> 6 | L11: =MAX(0, tPlan[[#This Row],[Current Stock]] - tPlan[[#This Row],[Pre-Delivery Demand]]) -> 2
A12: Mix Item A | B12: 15 | C12: 8 | D12: =MAX(0, ROUNDUP(tPlan[[#This Row],[Total Required]] - (tPlan[[#This Row],[Current Stock]] + tPlan[[#This Row],[Incoming Ordered]]), 0)) -> 0 | E12: =IF(tPlan[[#This Row],[Projected Stock Delivery]]<=0,"URGENT", IF(tPlan[[#This Row],[Order Qty]]>0,"ORDER","OK")) -> OK | F12: {=_xlfn.LET( _xlpm.item, tPlan[[#This Row],[Item]], _xlpm.prof, $B$5, _xlpm.usageRow, _xlfn.XLOOKUP( _xlpm.item&"|"&_xlpm.prof, UsageProfiles[Item]&"|"&UsageProfiles[Profile], UsageProfiles[[Mon]:[Sun]], 0 ), _xlpm.effMultRow, _xlfn.XLOOKUP( {"Monday","Tuesday","Wednesday","Thursday","Friday","Saturday","Sunday"}, ForecastTbl[Weekday], ForecastTbl[Effective_Multiplier], 1 ), _xlpm.coverFlagsRow, _xlfn.XLOOKUP( $B$3, DeliveryCoverage[Delivery_Day], DeliveryCoverage[[Mon]:[Sun]], 0 ), SUMPRODUCT(_xlpm.usageRow, _xlpm.effMultRow, _xlpm.coverFlagsRow) )} -> 6.2671163 | G12: {=_xlfn.LET( _xlpm.item, tPlan[[#This Row],[Item]], _xlpm.prof, $B$5, _xlpm.baseBuffer, _xlfn.XLOOKUP( _xlpm.item&"|"&_xlpm.prof, UsageProfiles[Item]&"|"&UsageProfiles[Profile], UsageProfiles[Buffer], 0 ), _xlpm.profMult, Forecast_Model!$E$15, ROUNDUP(_xlpm.baseBuffer * _xlpm.profMult, 0) )} -> 5 | H12: =tPlan[[#This Row],[Pre-Delivery Demand]] + tPlan[[#This Row],[Coverage Demand]] + tPlan[[#This Row],[Adjusted Buffer]] -> 19.267116 | I12: {=_xlfn.LET( _xlpm.item, tPlan[[#This Row],[Item]], _xlpm.prof, $B$5, _xlpm.salesUnit, _xlfn.XLOOKUP( _xlpm.item&"|"&_xlpm.prof, UsageProfiles[Item]&"|"&UsageProfiles[Profile], UsageProfiles[Sales_per_unit], 0 ), MAX(0, tPlan[[#This Row],[Total Required]] - (tPlan[[#This Row],[Current Stock]] + tPlan[[#This Row],[Incoming Ordered]])) * _xlpm.salesUnit )} -> 0 | J12: {=_xlfn.LET( _xlpm.item, tPlan[[#This Row],[Item]], _xlpm.prof, $B$5, _xlpm.usageRow, _xlfn.XLOOKUP( _xlpm.item&"|"&_xlpm.prof, UsageProfiles[Item]&"|"&UsageProfiles[Profile], UsageProfiles[[Mon]:[Sun]], 0 ), _xlpm.effMultRow, _xlfn.XLOOKUP( {"Monday","Tuesday","Wednesday","Thursday","Friday","Saturday","Sunday"}, ForecastTbl[Weekday], ForecastTbl[Effective_Multiplier], 1 ), _xlpm.coverFlagsRow, _xlfn.XLOOKUP( $B$3, DeliveryCoverage[Delivery_Day], DeliveryCoverage[[Mon]:[Sun]], 0 ), _xlpm.covDays, SUM(_xlpm.coverFlagsRow), _xlpm.covDemand, SUMPRODUCT(_xlpm.usageRow, _xlpm.effMultRow, _xlpm.coverFlagsRow), _xlpm.dailyDemand, IF(_xlpm.covDays=0, 0, _xlpm.covDemand/_xlpm.covDays), IF(_xlpm.dailyDemand=0, "", ROUND((tPlan[[#This Row],[Current Stock]]+tPlan[[#This Row],[Incoming Ordered]])/_xlpm.dailyDemand, 1)) )} -> 7.3 | K12: {=ROUNDUP( _xlfn.LET( _xlpm.stDay, TRIM($B$2), _xlpm.delDay, TRIM($B$3), _xlpm.incDel, $B$4, _xlpm.dayNames, {"Monday","Tuesday","Wednesday","Thursday","Friday","Saturday","Sunday"}, _xlpm.idxSt, _xlfn.XMATCH(_xlpm.stDay, _xlpm.dayNames, 0), _xlpm.idxDel, _xlfn.XMATCH(_xlpm.delDay, _xlpm.dayNames, 0), _xlpm.days, {1,2,3,4,5,6,7}, _xlpm.idxEnd, IF(_xlpm.incDel, _xlpm.idxDel, _xlpm.idxDel-1), _xlpm.flags, IF( OR(ISNA(_xlpm.idxSt), ISNA(_xlpm.idxDel), _xlpm.idxEnd<1), {0,0,0,0,0,0,0}, IF( _xlpm.idxSt<=_xlpm.idxEnd, --(_xlpm.days>=_xlpm.idxSt)*(_xlpm.days<=_xlpm.idxEnd), --((_xlpm.days>=_xlpm.idxSt)+(_xlpm.days<=_xlpm.idxEnd)>0) ) ), _xlpm.usageRow, _xlfn.XLOOKUP( tPlan[[#This Row],[Item]]&"|"&$B$5, UsageProfiles[Item]&"|"&UsageProfiles[Profile], UsageProfiles[[Mon]:[Sun]], 0 ), _xlpm.effMultRow, _xlfn.XLOOKUP( _xlpm.dayNames, ForecastTbl[Weekday], ForecastTbl[Effective_Multiplier], 1 ), SUMPRODUCT(_xlpm.flags, _xlpm.usageRow, _xlpm.effMultRow) ), 0)} -> 8 | L12: =MAX(0, tPlan[[#This Row],[Current Stock]] - tPlan[[#This Row],[Pre-Delivery Demand]]) -> 7
A13: Packaging Item A | B13: 6 | C13: 2 | D13: =MAX(0, ROUNDUP(tPlan[[#This Row],[Total Required]] - (tPlan[[#This Row],[Current Stock]] + tPlan[[#This Row],[Incoming Ordered]]), 0)) -> 7 | E13: =IF(tPlan[[#This Row],[Projected Stock Delivery]]<=0,"URGENT", IF(tPlan[[#This Row],[Order Qty]]>0,"ORDER","OK")) -> URGENT | F13: {=_xlfn.LET( _xlpm.item, tPlan[[#This Row],[Item]], _xlpm.prof, $B$5, _xlpm.usageRow, _xlfn.XLOOKUP( _xlpm.item&"|"&_xlpm.prof, UsageProfiles[Item]&"|"&UsageProfiles[Profile], UsageProfiles[[Mon]:[Sun]], 0 ), _xlpm.effMultRow, _xlfn.XLOOKUP( {"Monday","Tuesday","Wednesday","Thursday","Friday","Saturday","Sunday"}, ForecastTbl[Weekday], ForecastTbl[Effective_Multiplier], 1 ), _xlpm.coverFlagsRow, _xlfn.XLOOKUP( $B$3, DeliveryCoverage[Delivery_Day], DeliveryCoverage[[Mon]:[Sun]], 0 ), SUMPRODUCT(_xlpm.usageRow, _xlpm.effMultRow, _xlpm.coverFlagsRow) )} -> 4.1780775 | G13: {=_xlfn.LET( _xlpm.item, tPlan[[#This Row],[Item]], _xlpm.prof, $B$5, _xlpm.baseBuffer, _xlfn.XLOOKUP( _xlpm.item&"|"&_xlpm.prof, UsageProfiles[Item]&"|"&UsageProfiles[Profile], UsageProfiles[Buffer], 0 ), _xlpm.profMult, Forecast_Model!$E$15, ROUNDUP(_xlpm.baseBuffer * _xlpm.profMult, 0) )} -> 4 | H13: =tPlan[[#This Row],[Pre-Delivery Demand]] + tPlan[[#This Row],[Coverage Demand]] + tPlan[[#This Row],[Adjusted Buffer]] -> 14.178078 | I13: {=_xlfn.LET( _xlpm.item, tPlan[[#This Row],[Item]], _xlpm.prof, $B$5, _xlpm.salesUnit, _xlfn.XLOOKUP( _xlpm.item&"|"&_xlpm.prof, UsageProfiles[Item]&"|"&UsageProfiles[Profile], UsageProfiles[Sales_per_unit], 0 ), MAX(0, tPlan[[#This Row],[Total Required]] - (tPlan[[#This Row],[Current Stock]] + tPlan[[#This Row],[Incoming Ordered]])) * _xlpm.salesUnit )} -> 926.71163 | J13: {=_xlfn.LET( _xlpm.item, tPlan[[#This Row],[Item]], _xlpm.prof, $B$5, _xlpm.usageRow, _xlfn.XLOOKUP( _xlpm.item&"|"&_xlpm.prof, UsageProfiles[Item]&"|"&UsageProfiles[Profile], UsageProfiles[[Mon]:[Sun]], 0 ), _xlpm.effMultRow, _xlfn.XLOOKUP( {"Monday","Tuesday","Wednesday","Thursday","Friday","Saturday","Sunday"}, ForecastTbl[Weekday], ForecastTbl[Effective_Multiplier], 1 ), _xlpm.coverFlagsRow, _xlfn.XLOOKUP( $B$3, DeliveryCoverage[Delivery_Day], DeliveryCoverage[[Mon]:[Sun]], 0 ), _xlpm.covDays, SUM(_xlpm.coverFlagsRow), _xlpm.covDemand, SUMPRODUCT(_xlpm.usageRow, _xlpm.effMultRow, _xlpm.coverFlagsRow), _xlpm.dailyDemand, IF(_xlpm.covDays=0, 0, _xlpm.covDemand/_xlpm.covDays), IF(_xlpm.dailyDemand=0, "", ROUND((tPlan[[#This Row],[Current Stock]]+tPlan[[#This Row],[Incoming Ordered]])/_xlpm.dailyDemand, 1)) )} -> 3.8 | K13: {=ROUNDUP( _xlfn.LET( _xlpm.stDay, TRIM($B$2), _xlpm.delDay, TRIM($B$3), _xlpm.incDel, $B$4, _xlpm.dayNames, {"Monday","Tuesday","Wednesday","Thursday","Friday","Saturday","Sunday"}, _xlpm.idxSt, _xlfn.XMATCH(_xlpm.stDay, _xlpm.dayNames, 0), _xlpm.idxDel, _xlfn.XMATCH(_xlpm.delDay, _xlpm.dayNames, 0), _xlpm.days, {1,2,3,4,5,6,7}, _xlpm.idxEnd, IF(_xlpm.incDel, _xlpm.idxDel, _xlpm.idxDel-1), _xlpm.flags, IF( OR(ISNA(_xlpm.idxSt), ISNA(_xlpm.idxDel), _xlpm.idxEnd<1), {0,0,0,0,0,0,0}, IF( _xlpm.idxSt<=_xlpm.idxEnd, --(_xlpm.days>=_xlpm.idxSt)*(_xlpm.days<=_xlpm.idxEnd), --((_xlpm.days>=_xlpm.idxSt)+(_xlpm.days<=_xlpm.idxEnd)>0) ) ), _xlpm.usageRow, _xlfn.XLOOKUP( tPlan[[#This Row],[Item]]&"|"&$B$5, UsageProfiles[Item]&"|"&UsageProfiles[Profile], UsageProfiles[[Mon]:[Sun]], 0 ), _xlpm.effMultRow, _xlfn.XLOOKUP( _xlpm.dayNames, ForecastTbl[Weekday], ForecastTbl[Effective_Multiplier], 1 ), SUMPRODUCT(_xlpm.flags, _xlpm.usageRow, _xlpm.effMultRow) ), 0)} -> 6 | L13: =MAX(0, tPlan[[#This Row],[Current Stock]] - tPlan[[#This Row],[Pre-Delivery Demand]]) -> 0
A14: Ingredient A | B14: 6 | C14: 2 | D14: =MAX(0, ROUNDUP(tPlan[[#This Row],[Total Required]] - (tPlan[[#This Row],[Current Stock]] + tPlan[[#This Row],[Incoming Ordered]]), 0)) -> 0 | E14: =IF(tPlan[[#This Row],[Projected Stock Delivery]]<=0,"URGENT", IF(tPlan[[#This Row],[Order Qty]]>0,"ORDER","OK")) -> OK | F14: {=_xlfn.LET( _xlpm.item, tPlan[[#This Row],[Item]], _xlpm.prof, $B$5, _xlpm.usageRow, _xlfn.XLOOKUP( _xlpm.item&"|"&_xlpm.prof, UsageProfiles[Item]&"|"&UsageProfiles[Profile], UsageProfiles[[Mon]:[Sun]], 0 ), _xlpm.effMultRow, _xlfn.XLOOKUP( {"Monday","Tuesday","Wednesday","Thursday","Friday","Saturday","Sunday"}, ForecastTbl[Weekday], ForecastTbl[Effective_Multiplier], 1 ), _xlpm.coverFlagsRow, _xlfn.XLOOKUP( $B$3, DeliveryCoverage[Delivery_Day], DeliveryCoverage[[Mon]:[Sun]], 0 ), SUMPRODUCT(_xlpm.usageRow, _xlpm.effMultRow, _xlpm.coverFlagsRow) )} -> 1.775683 | G14: {=_xlfn.LET( _xlpm.item, tPlan[[#This Row],[Item]], _xlpm.prof, $B$5, _xlpm.baseBuffer, _xlfn.XLOOKUP( _xlpm.item&"|"&_xlpm.prof, UsageProfiles[Item]&"|"&UsageProfiles[Profile], UsageProfiles[Buffer], 0 ), _xlpm.profMult, Forecast_Model!$E$15, ROUNDUP(_xlpm.baseBuffer * _xlpm.profMult, 0) )} -> 2 | H14: =tPlan[[#This Row],[Pre-Delivery Demand]] + tPlan[[#This Row],[Coverage Demand]] + tPlan[[#This Row],[Adjusted Buffer]] -> 6.775683 | I14: {=_xlfn.LET( _xlpm.item, tPlan[[#This Row],[Item]], _xlpm.prof, $B$5, _xlpm.salesUnit, _xlfn.XLOOKUP( _xlpm.item&"|"&_xlpm.prof, UsageProfiles[Item]&"|"&UsageProfiles[Profile], UsageProfiles[Sales_per_unit], 0 ), MAX(0, tPlan[[#This Row],[Total Required]] - (tPlan[[#This Row],[Current Stock]] + tPlan[[#This Row],[Incoming Ordered]])) * _xlpm.salesUnit )} -> 0 | J14: {=_xlfn.LET( _xlpm.item, tPlan[[#This Row],[Item]], _xlpm.prof, $B$5, _xlpm.usageRow, _xlfn.XLOOKUP( _xlpm.item&"|"&_xlpm.prof, UsageProfiles[Item]&"|"&UsageProfiles[Profile], UsageProfiles[[Mon]:[Sun]], 0 ), _xlpm.effMultRow, _xlfn.XLOOKUP( {"Monday","Tuesday","Wednesday","Thursday","Friday","Saturday","Sunday"}, ForecastTbl[Weekday], ForecastTbl[Effective_Multiplier], 1 ), _xlpm.coverFlagsRow, _xlfn.XLOOKUP( $B$3, DeliveryCoverage[Delivery_Day], DeliveryCoverage[[Mon]:[Sun]], 0 ), _xlpm.covDays, SUM(_xlpm.coverFlagsRow), _xlpm.covDemand, SUMPRODUCT(_xlpm.usageRow, _xlpm.effMultRow, _xlpm.coverFlagsRow), _xlpm.dailyDemand, IF(_xlpm.covDays=0, 0, _xlpm.covDemand/_xlpm.covDays), IF(_xlpm.dailyDemand=0, "", ROUND((tPlan[[#This Row],[Current Stock]]+tPlan[[#This Row],[Incoming Ordered]])/_xlpm.dailyDemand, 1)) )} -> 9 | K14: {=ROUNDUP( _xlfn.LET( _xlpm.stDay, TRIM($B$2), _xlpm.delDay, TRIM($B$3), _xlpm.incDel, $B$4, _xlpm.dayNames, {"Monday","Tuesday","Wednesday","Thursday","Friday","Saturday","Sunday"}, _xlpm.idxSt, _xlfn.XMATCH(_xlpm.stDay, _xlpm.dayNames, 0), _xlpm.idxDel, _xlfn.XMATCH(_xlpm.delDay, _xlpm.dayNames, 0), _xlpm.days, {1,2,3,4,5,6,7}, _xlpm.idxEnd, IF(_xlpm.incDel, _xlpm.idxDel, _xlpm.idxDel-1), _xlpm.flags, IF( OR(ISNA(_xlpm.idxSt), ISNA(_xlpm.idxDel), _xlpm.idxEnd<1), {0,0,0,0,0,0,0}, IF( _xlpm.idxSt<=_xlpm.idxEnd, --(_xlpm.days>=_xlpm.idxSt)*(_xlpm.days<=_xlpm.idxEnd), --((_xlpm.days>=_xlpm.idxSt)+(_xlpm.days<=_xlpm.idxEnd)>0) ) ), _xlpm.usageRow, _xlfn.XLOOKUP( tPlan[[#This Row],[Item]]&"|"&$B$5, UsageProfiles[Item]&"|"&UsageProfiles[Profile], UsageProfiles[[Mon]:[Sun]], 0 ), _xlpm.effMultRow, _xlfn.XLOOKUP( _xlpm.dayNames, ForecastTbl[Weekday], ForecastTbl[Effective_Multiplier], 1 ), SUMPRODUCT(_xlpm.flags, _xlpm.usageRow, _xlpm.effMultRow) ), 0)} -> 3 | L14: =MAX(0, tPlan[[#This Row],[Current Stock]] - tPlan[[#This Row],[Pre-Delivery Demand]]) -> 3
A15: Ingredient B | B15: 8 | C15: 6 | D15: =MAX(0, ROUNDUP(tPlan[[#This Row],[Total Required]] - (tPlan[[#This Row],[Current Stock]] + tPlan[[#This Row],[Incoming Ordered]]), 0)) -> 1 | E15: =IF(tPlan[[#This Row],[Projected Stock Delivery]]<=0,"URGENT", IF(tPlan[[#This Row],[Order Qty]]>0,"ORDER","OK")) -> ORDER | F15: {=_xlfn.LET( _xlpm.item, tPlan[[#This Row],[Item]], _xlpm.prof, $B$5, _xlpm.usageRow, _xlfn.XLOOKUP( _xlpm.item&"|"&_xlpm.prof, UsageProfiles[Item]&"|"&UsageProfiles[Profile], UsageProfiles[[Mon]:[Sun]], 0 ), _xlpm.effMultRow, _xlfn.XLOOKUP( {"Monday","Tuesday","Wednesday","Thursday","Friday","Saturday","Sunday"}, ForecastTbl[Weekday], ForecastTbl[Effective_Multiplier], 1 ), _xlpm.coverFlagsRow, _xlfn.XLOOKUP( $B$3, DeliveryCoverage[Delivery_Day], DeliveryCoverage[[Mon]:[Sun]], 0 ), SUMPRODUCT(_xlpm.usageRow, _xlpm.effMultRow, _xlpm.coverFlagsRow) )} -> 4.1780775 | G15: {=_xlfn.LET( _xlpm.item, tPlan[[#This Row],[Item]], _xlpm.prof, $B$5, _xlpm.baseBuffer, _xlfn.XLOOKUP( _xlpm.item&"|"&_xlpm.prof, UsageProfiles[Item]&"|"&UsageProfiles[Profile], UsageProfiles[Buffer], 0 ), _xlpm.profMult, Forecast_Model!$E$15, ROUNDUP(_xlpm.baseBuffer * _xlpm.profMult, 0) )} -> 4 | H15: =tPlan[[#This Row],[Pre-Delivery Demand]] + tPlan[[#This Row],[Coverage Demand]] + tPlan[[#This Row],[Adjusted Buffer]] -> 14.178078 | I15: {=_xlfn.LET( _xlpm.item, tPlan[[#This Row],[Item]], _xlpm.prof, $B$5, _xlpm.salesUnit, _xlfn.XLOOKUP( _xlpm.item&"|"&_xlpm.prof, UsageProfiles[Item]&"|"&UsageProfiles[Profile], UsageProfiles[Sales_per_unit], 0 ), MAX(0, tPlan[[#This Row],[Total Required]] - (tPlan[[#This Row],[Current Stock]] + tPlan[[#This Row],[Incoming Ordered]])) * _xlpm.salesUnit )} -> 186.98142 | J15: {=_xlfn.LET( _xlpm.item, tPlan[[#This Row],[Item]], _xlpm.prof, $B$5, _xlpm.usageRow, _xlfn.XLOOKUP( _xlpm.item&"|"&_xlpm.prof, UsageProfiles[Item]&"|"&UsageProfiles[Profile], UsageProfiles[[Mon]:[Sun]], 0 ), _xlpm.effMultRow, _xlfn.XLOOKUP( {"Monday","Tuesday","Wednesday","Thursday","Friday","Saturday","Sunday"}, ForecastTbl[Weekday], ForecastTbl[Effective_Multiplier], 1 ), _xlpm.coverFlagsRow, _xlfn.XLOOKUP( $B$3, DeliveryCoverage[Delivery_Day], DeliveryCoverage[[Mon]:[Sun]], 0 ), _xlpm.covDays, SUM(_xlpm.coverFlagsRow), _xlpm.covDemand, SUMPRODUCT(_xlpm.usageRow, _xlpm.effMultRow, _xlpm.coverFlagsRow), _xlpm.dailyDemand, IF(_xlpm.covDays=0, 0, _xlpm.covDemand/_xlpm.covDays), IF(_xlpm.dailyDemand=0, "", ROUND((tPlan[[#This Row],[Current Stock]]+tPlan[[#This Row],[Incoming Ordered]])/_xlpm.dailyDemand, 1)) )} -> 6.7 | K15: {=ROUNDUP( _xlfn.LET( _xlpm.stDay, TRIM($B$2), _xlpm.delDay, TRIM($B$3), _xlpm.incDel, $B$4, _xlpm.dayNames, {"Monday","Tuesday","Wednesday","Thursday","Friday","Saturday","Sunday"}, _xlpm.idxSt, _xlfn.XMATCH(_xlpm.stDay, _xlpm.dayNames, 0), _xlpm.idxDel, _xlfn.XMATCH(_xlpm.delDay, _xlpm.dayNames, 0), _xlpm.days, {1,2,3,4,5,6,7}, _xlpm.idxEnd, IF(_xlpm.incDel, _xlpm.idxDel, _xlpm.idxDel-1), _xlpm.flags, IF( OR(ISNA(_xlpm.idxSt), ISNA(_xlpm.idxDel), _xlpm.idxEnd<1), {0,0,0,0,0,0,0}, IF( _xlpm.idxSt<=_xlpm.idxEnd, --(_xlpm.days>=_xlpm.idxSt)*(_xlpm.days<=_xlpm.idxEnd), --((_xlpm.days>=_xlpm.idxSt)+(_xlpm.days<=_xlpm.idxEnd)>0) ) ), _xlpm.usageRow, _xlfn.XLOOKUP( tPlan[[#This Row],[Item]]&"|"&$B$5, UsageProfiles[Item]&"|"&UsageProfiles[Profile], UsageProfiles[[Mon]:[Sun]], 0 ), _xlpm.effMultRow, _xlfn.XLOOKUP( _xlpm.dayNames, ForecastTbl[Weekday], ForecastTbl[Effective_Multiplier], 1 ), SUMPRODUCT(_xlpm.flags, _xlpm.usageRow, _xlpm.effMultRow) ), 0)} -> 6 | L15: =MAX(0, tPlan[[#This Row],[Current Stock]] - tPlan[[#This Row],[Pre-Delivery Demand]]) -> 2
A16: Dairy Item A | B16: 1 | C16: 2 | D16: =MAX(0, ROUNDUP(tPlan[[#This Row],[Total Required]] - (tPlan[[#This Row],[Current Stock]] + tPlan[[#This Row],[Incoming Ordered]]), 0)) -> 3 | E16: =IF(tPlan[[#This Row],[Projected Stock Delivery]]<=0,"URGENT", IF(tPlan[[#This Row],[Order Qty]]>0,"ORDER","OK")) -> URGENT | F16: {=_xlfn.LET( _xlpm.item, tPlan[[#This Row],[Item]], _xlpm.prof, $B$5, _xlpm.usageRow, _xlfn.XLOOKUP( _xlpm.item&"|"&_xlpm.prof, UsageProfiles[Item]&"|"&UsageProfiles[Profile], UsageProfiles[[Mon]:[Sun]], 0 ), _xlpm.effMultRow, _xlfn.XLOOKUP( {"Monday","Tuesday","Wednesday","Thursday","Friday","Saturday","Sunday"}, ForecastTbl[Weekday], ForecastTbl[Effective_Multiplier], 1 ), _xlpm.coverFlagsRow, _xlfn.XLOOKUP( $B$3, DeliveryCoverage[Delivery_Day], DeliveryCoverage[[Mon]:[Sun]], 0 ), SUMPRODUCT(_xlpm.usageRow, _xlpm.effMultRow, _xlpm.coverFlagsRow) )} -> 1.3578752 | G16: {=_xlfn.LET( _xlpm.item, tPlan[[#This Row],[Item]], _xlpm.prof, $B$5, _xlpm.baseBuffer, _xlfn.XLOOKUP( _xlpm.item&"|"&_xlpm.prof, UsageProfiles[Item]&"|"&UsageProfiles[Profile], UsageProfiles[Buffer], 0 ), _xlpm.profMult, Forecast_Model!$E$15, ROUNDUP(_xlpm.baseBuffer * _xlpm.profMult, 0) )} -> 2 | H16: =tPlan[[#This Row],[Pre-Delivery Demand]] + tPlan[[#This Row],[Coverage Demand]] + tPlan[[#This Row],[Adjusted Buffer]] -> 5.3578752 | I16: {=_xlfn.LET( _xlpm.item, tPlan[[#This Row],[Item]], _xlpm.prof, $B$5, _xlpm.salesUnit, _xlfn.XLOOKUP( _xlpm.item&"|"&_xlpm.prof, UsageProfiles[Item]&"|"&UsageProfiles[Profile], UsageProfiles[Sales_per_unit], 0 ), MAX(0, tPlan[[#This Row],[Total Required]] - (tPlan[[#This Row],[Current Stock]] + tPlan[[#This Row],[Incoming Ordered]])) * _xlpm.salesUnit )} -> 943.15008 | J16: {=_xlfn.LET( _xlpm.item, tPlan[[#This Row],[Item]], _xlpm.prof, $B$5, _xlpm.usageRow, _xlfn.XLOOKUP( _xlpm.item&"|"&_xlpm.prof, UsageProfiles[Item]&"|"&UsageProfiles[Profile], UsageProfiles[[Mon]:[Sun]], 0 ), _xlpm.effMultRow, _xlfn.XLOOKUP( {"Monday","Tuesday","Wednesday","Thursday","Friday","Saturday","Sunday"}, ForecastTbl[Weekday], ForecastTbl[Effective_Multiplier], 1 ), _xlpm.coverFlagsRow, _xlfn.XLOOKUP( $B$3, DeliveryCoverage[Delivery_Day], DeliveryCoverage[[Mon]:[Sun]], 0 ), _xlpm.covDays, SUM(_xlpm.coverFlagsRow), _xlpm.covDemand, SUMPRODUCT(_xlpm.usageRow, _xlpm.effMultRow, _xlpm.coverFlagsRow), _xlpm.dailyDemand, IF(_xlpm.covDays=0, 0, _xlpm.covDemand/_xlpm.covDays), IF(_xlpm.dailyDemand=0, "", ROUND((tPlan[[#This Row],[Current Stock]]+tPlan[[#This Row],[Incoming Ordered]])/_xlpm.dailyDemand, 1)) )} -> 4.4 | K16: {=ROUNDUP( _xlfn.LET( _xlpm.stDay, TRIM($B$2), _xlpm.delDay, TRIM($B$3), _xlpm.incDel, $B$4, _xlpm.dayNames, {"Monday","Tuesday","Wednesday","Thursday","Friday","Saturday","Sunday"}, _xlpm.idxSt, _xlfn.XMATCH(_xlpm.stDay, _xlpm.dayNames, 0), _xlpm.idxDel, _xlfn.XMATCH(_xlpm.delDay, _xlpm.dayNames, 0), _xlpm.days, {1,2,3,4,5,6,7}, _xlpm.idxEnd, IF(_xlpm.incDel, _xlpm.idxDel, _xlpm.idxDel-1), _xlpm.flags, IF( OR(ISNA(_xlpm.idxSt), ISNA(_xlpm.idxDel), _xlpm.idxEnd<1), {0,0,0,0,0,0,0}, IF( _xlpm.idxSt<=_xlpm.idxEnd, --(_xlpm.days>=_xlpm.idxSt)*(_xlpm.days<=_xlpm.idxEnd), --((_xlpm.days>=_xlpm.idxSt)+(_xlpm.days<=_xlpm.idxEnd)>0) ) ), _xlpm.usageRow, _xlfn.XLOOKUP( tPlan[[#This Row],[Item]]&"|"&$B$5, UsageProfiles[Item]&"|"&UsageProfiles[Profile], UsageProfiles[[Mon]:[Sun]], 0 ), _xlpm.effMultRow, _xlfn.XLOOKUP( _xlpm.dayNames, ForecastTbl[Weekday], ForecastTbl[Effective_Multiplier], 1 ), SUMPRODUCT(_xlpm.flags, _xlpm.usageRow, _xlpm.effMultRow) ), 0)} -> 2 | L16: =MAX(0, tPlan[[#This Row],[Current Stock]] - tPlan[[#This Row],[Pre-Delivery Demand]]) -> 0
A17: Gloves XL | B17: 3 | C17: 0 | D17: =MAX(0, ROUNDUP(tPlan[[#This Row],[Total Required]] - (tPlan[[#This Row],[Current Stock]] + tPlan[[#This Row],[Incoming Ordered]]), 0)) -> 1 | E17: =IF(tPlan[[#This Row],[Projected Stock Delivery]]<=0,"URGENT", IF(tPlan[[#This Row],[Order Qty]]>0,"ORDER","OK")) -> ORDER | F17: {=_xlfn.LET( _xlpm.item, tPlan[[#This Row],[Item]], _xlpm.prof, $B$5, _xlpm.usageRow, _xlfn.XLOOKUP( _xlpm.item&"|"&_xlpm.prof, UsageProfiles[Item]&"|"&UsageProfiles[Profile], UsageProfiles[[Mon]:[Sun]], 0 ), _xlpm.effMultRow, _xlfn.XLOOKUP( {"Monday","Tuesday","Wednesday","Thursday","Friday","Saturday","Sunday"}, ForecastTbl[Weekday], ForecastTbl[Effective_Multiplier], 1 ), _xlpm.coverFlagsRow, _xlfn.XLOOKUP( $B$3, DeliveryCoverage[Delivery_Day], DeliveryCoverage[[Mon]:[Sun]], 0 ), SUMPRODUCT(_xlpm.usageRow, _xlpm.effMultRow, _xlpm.coverFlagsRow) )} -> 1.0445194 | G17: {=_xlfn.LET( _xlpm.item, tPlan[[#This Row],[Item]], _xlpm.prof, $B$5, _xlpm.baseBuffer, _xlfn.XLOOKUP( _xlpm.item&"|"&_xlpm.prof, UsageProfiles[Item]&"|"&UsageProfiles[Profile], UsageProfiles[Buffer], 0 ), _xlpm.profMult, Forecast_Model!$E$15, ROUNDUP(_xlpm.baseBuffer * _xlpm.profMult, 0) )} -> 0 | H17: =tPlan[[#This Row],[Pre-Delivery Demand]] + tPlan[[#This Row],[Coverage Demand]] + tPlan[[#This Row],[Adjusted Buffer]] -> 3.0445194 | I17: {=_xlfn.LET( _xlpm.item, tPlan[[#This Row],[Item]], _xlpm.prof, $B$5, _xlpm.salesUnit, _xlfn.XLOOKUP( _xlpm.item&"|"&_xlpm.prof, UsageProfiles[Item]&"|"&UsageProfiles[Profile], UsageProfiles[Sales_per_unit], 0 ), MAX(0, tPlan[[#This Row],[Total Required]] - (tPlan[[#This Row],[Current Stock]] + tPlan[[#This Row],[Incoming Ordered]])) * _xlpm.salesUnit )} -> 0 | J17: {=_xlfn.LET( _xlpm.item, tPlan[[#This Row],[Item]], _xlpm.prof, $B$5, _xlpm.usageRow, _xlfn.XLOOKUP( _xlpm.item&"|"&_xlpm.prof, UsageProfiles[Item]&"|"&UsageProfiles[Profile], UsageProfiles[[Mon]:[Sun]], 0 ), _xlpm.effMultRow, _xlfn.XLOOKUP( {"Monday","Tuesday","Wednesday","Thursday","Friday","Saturday","Sunday"}, ForecastTbl[Weekday], ForecastTbl[Effective_Multiplier], 1 ), _xlpm.coverFlagsRow, _xlfn.XLOOKUP( $B$3, DeliveryCoverage[Delivery_Day], DeliveryCoverage[[Mon]:[Sun]], 0 ), _xlpm.covDays, SUM(_xlpm.coverFlagsRow), _xlpm.covDemand, SUMPRODUCT(_xlpm.usageRow, _xlpm.effMultRow, _xlpm.coverFlagsRow), _xlpm.dailyDemand, IF(_xlpm.covDays=0, 0, _xlpm.covDemand/_xlpm.covDays), IF(_xlpm.dailyDemand=0, "", ROUND((tPlan[[#This Row],[Current Stock]]+tPlan[[#This Row],[Incoming Ordered]])/_xlpm.dailyDemand, 1)) )} -> 5.7 | K17: {=ROUNDUP( _xlfn.LET( _xlpm.stDay, TRIM($B$2), _xlpm.delDay, TRIM($B$3), _xlpm.incDel, $B$4, _xlpm.dayNames, {"Monday","Tuesday","Wednesday","Thursday","Friday","Saturday","Sunday"}, _xlpm.idxSt, _xlfn.XMATCH(_xlpm.stDay, _xlpm.dayNames, 0), _xlpm.idxDel, _xlfn.XMATCH(_xlpm.delDay, _xlpm.dayNames, 0), _xlpm.days, {1,2,3,4,5,6,7}, _xlpm.idxEnd, IF(_xlpm.incDel, _xlpm.idxDel, _xlpm.idxDel-1), _xlpm.flags, IF( OR(ISNA(_xlpm.idxSt), ISNA(_xlpm.idxDel), _xlpm.idxEnd<1), {0,0,0,0,0,0,0}, IF( _xlpm.idxSt<=_xlpm.idxEnd, --(_xlpm.days>=_xlpm.idxSt)*(_xlpm.days<=_xlpm.idxEnd), --((_xlpm.days>=_xlpm.idxSt)+(_xlpm.days<=_xlpm.idxEnd)>0) ) ), _xlpm.usageRow, _xlfn.XLOOKUP( tPlan[[#This Row],[Item]]&"|"&$B$5, UsageProfiles[Item]&"|"&UsageProfiles[Profile], UsageProfiles[[Mon]:[Sun]], 0 ), _xlpm.effMultRow, _xlfn.XLOOKUP( _xlpm.dayNames, ForecastTbl[Weekday], ForecastTbl[Effective_Multiplier], 1 ), SUMPRODUCT(_xlpm.flags, _xlpm.usageRow, _xlpm.effMultRow) ), 0)} -> 2 | L17: =MAX(0, tPlan[[#This Row],[Current Stock]] - tPlan[[#This Row],[Pre-Delivery Demand]]) -> 1
A18: Gloves L | B18: 1 | C18: 0 | D18: =MAX(0, ROUNDUP(tPlan[[#This Row],[Total Required]] - (tPlan[[#This Row],[Current Stock]] + tPlan[[#This Row],[Incoming Ordered]]), 0)) -> 3 | E18: =IF(tPlan[[#This Row],[Projected Stock Delivery]]<=0,"URGENT", IF(tPlan[[#This Row],[Order Qty]]>0,"ORDER","OK")) -> URGENT | F18: {=_xlfn.LET( _xlpm.item, tPlan[[#This Row],[Item]], _xlpm.prof, $B$5, _xlpm.usageRow, _xlfn.XLOOKUP( _xlpm.item&"|"&_xlpm.prof, UsageProfiles[Item]&"|"&UsageProfiles[Profile], UsageProfiles[[Mon]:[Sun]], 0 ), _xlpm.effMultRow, _xlfn.XLOOKUP( {"Monday","Tuesday","Wednesday","Thursday","Friday","Saturday","Sunday"}, ForecastTbl[Weekday], ForecastTbl[Effective_Multiplier], 1 ), _xlpm.coverFlagsRow, _xlfn.XLOOKUP( $B$3, DeliveryCoverage[Delivery_Day], DeliveryCoverage[[Mon]:[Sun]], 0 ), SUMPRODUCT(_xlpm.usageRow, _xlpm.effMultRow, _xlpm.coverFlagsRow) )} -> 1.0445194 | G18: {=_xlfn.LET( _xlpm.item, tPlan[[#This Row],[Item]], _xlpm.prof, $B$5, _xlpm.baseBuffer, _xlfn.XLOOKUP( _xlpm.item&"|"&_xlpm.prof, UsageProfiles[Item]&"|"&UsageProfiles[Profile], UsageProfiles[Buffer], 0 ), _xlpm.profMult, Forecast_Model!$E$15, ROUNDUP(_xlpm.baseBuffer * _xlpm.profMult, 0) )} -> 0 | H18: =tPlan[[#This Row],[Pre-Delivery Demand]] + tPlan[[#This Row],[Coverage Demand]] + tPlan[[#This Row],[Adjusted Buffer]] -> 3.0445194 | I18: {=_xlfn.LET( _xlpm.item, tPlan[[#This Row],[Item]], _xlpm.prof, $B$5, _xlpm.salesUnit, _xlfn.XLOOKUP( _xlpm.item&"|"&_xlpm.prof, UsageProfiles[Item]&"|"&UsageProfiles[Profile], UsageProfiles[Sales_per_unit], 0 ), MAX(0, tPlan[[#This Row],[Total Required]] - (tPlan[[#This Row],[Current Stock]] + tPlan[[#This Row],[Incoming Ordered]])) * _xlpm.salesUnit )} -> 0 | J18: {=_xlfn.LET( _xlpm.item, tPlan[[#This Row],[Item]], _xlpm.prof, $B$5, _xlpm.usageRow, _xlfn.XLOOKUP( _xlpm.item&"|"&_xlpm.prof, UsageProfiles[Item]&"|"&UsageProfiles[Profile], UsageProfiles[[Mon]:[Sun]], 0 ), _xlpm.effMultRow, _xlfn.XLOOKUP( {"Monday","Tuesday","Wednesday","Thursday","Friday","Saturday","Sunday"}, ForecastTbl[Weekday], ForecastTbl[Effective_Multiplier], 1 ), _xlpm.coverFlagsRow, _xlfn.XLOOKUP( $B$3, DeliveryCoverage[Delivery_Day], DeliveryCoverage[[Mon]:[Sun]], 0 ), _xlpm.covDays, SUM(_xlpm.coverFlagsRow), _xlpm.covDemand, SUMPRODUCT(_xlpm.usageRow, _xlpm.effMultRow, _xlpm.coverFlagsRow), _xlpm.dailyDemand, IF(_xlpm.covDays=0, 0, _xlpm.covDemand/_xlpm.covDays), IF(_xlpm.dailyDemand=0, "", ROUND((tPlan[[#This Row],[Current Stock]]+tPlan[[#This Row],[Incoming Ordered]])/_xlpm.dailyDemand, 1)) )} -> 1.9 | K18: {=ROUNDUP( _xlfn.LET( _xlpm.stDay, TRIM($B$2), _xlpm.delDay, TRIM($B$3), _xlpm.incDel, $B$4, _xlpm.dayNames, {"Monday","Tuesday","Wednesday","Thursday","Friday","Saturday","Sunday"}, _xlpm.idxSt, _xlfn.XMATCH(_xlpm.stDay, _xlpm.dayNames, 0), _xlpm.idxDel, _xlfn.XMATCH(_xlpm.delDay, _xlpm.dayNames, 0), _xlpm.days, {1,2,3,4,5,6,7}, _xlpm.idxEnd, IF(_xlpm.incDel, _xlpm.idxDel, _xlpm.idxDel-1), _xlpm.flags, IF( OR(ISNA(_xlpm.idxSt), ISNA(_xlpm.idxDel), _xlpm.idxEnd<1), {0,0,0,0,0,0,0}, IF( _xlpm.idxSt<=_xlpm.idxEnd, --(_xlpm.days>=_xlpm.idxSt)*(_xlpm.days<=_xlpm.idxEnd), --((_xlpm.days>=_xlpm.idxSt)+(_xlpm.days<=_xlpm.idxEnd)>0) ) ), _xlpm.usageRow, _xlfn.XLOOKUP( tPlan[[#This Row],[Item]]&"|"&$B$5, UsageProfiles[Item]&"|"&UsageProfiles[Profile], UsageProfiles[[Mon]:[Sun]], 0 ), _xlpm.effMultRow, _xlfn.XLOOKUP( _xlpm.dayNames, ForecastTbl[Weekday], ForecastTbl[Effective_Multiplier], 1 ), SUMPRODUCT(_xlpm.flags, _xlpm.usageRow, _xlpm.effMultRow) ), 0)} -> 2 | L18: =MAX(0, tPlan[[#This Row],[Current Stock]] - tPlan[[#This Row],[Pre-Delivery Demand]]) -> 0
A19: Gloves M | B19: 4 | C19: 0 | D19: =MAX(0, ROUNDUP(tPlan[[#This Row],[Total Required]] - (tPlan[[#This Row],[Current Stock]] + tPlan[[#This Row],[Incoming Ordered]]), 0)) -> 0 | E19: =IF(tPlan[[#This Row],[Projected Stock Delivery]]<=0,"URGENT", IF(tPlan[[#This Row],[Order Qty]]>0,"ORDER","OK")) -> OK | F19: {=_xlfn.LET( _xlpm.item, tPlan[[#This Row],[Item]], _xlpm.prof, $B$5, _xlpm.usageRow, _xlfn.XLOOKUP( _xlpm.item&"|"&_xlpm.prof, UsageProfiles[Item]&"|"&UsageProfiles[Profile], UsageProfiles[[Mon]:[Sun]], 0 ), _xlpm.effMultRow, _xlfn.XLOOKUP( {"Monday","Tuesday","Wednesday","Thursday","Friday","Saturday","Sunday"}, ForecastTbl[Weekday], ForecastTbl[Effective_Multiplier], 1 ), _xlpm.coverFlagsRow, _xlfn.XLOOKUP( $B$3, DeliveryCoverage[Delivery_Day], DeliveryCoverage[[Mon]:[Sun]], 0 ), SUMPRODUCT(_xlpm.usageRow, _xlpm.effMultRow, _xlpm.coverFlagsRow) )} -> 1.0445194 | G19: {=_xlfn.LET( _xlpm.item, tPlan[[#This Row],[Item]], _xlpm.prof, $B$5, _xlpm.baseBuffer, _xlfn.XLOOKUP( _xlpm.item&"|"&_xlpm.prof, UsageProfiles[Item]&"|"&UsageProfiles[Profile], UsageProfiles[Buffer], 0 ), _xlpm.profMult, Forecast_Model!$E$15, ROUNDUP(_xlpm.baseBuffer * _xlpm.profMult, 0) )} -> 0 | H19: =tPlan[[#This Row],[Pre-Delivery Demand]] + tPlan[[#This Row],[Coverage Demand]] + tPlan[[#This Row],[Adjusted Buffer]] -> 3.0445194 | I19: {=_xlfn.LET( _xlpm.item, tPlan[[#This Row],[Item]], _xlpm.prof, $B$5, _xlpm.salesUnit, _xlfn.XLOOKUP( _xlpm.item&"|"&_xlpm.prof, UsageProfiles[Item]&"|"&UsageProfiles[Profile], UsageProfiles[Sales_per_unit], 0 ), MAX(0, tPlan[[#This Row],[Total Required]] - (tPlan[[#This Row],[Current Stock]] + tPlan[[#This Row],[Incoming Ordered]])) * _xlpm.salesUnit )} -> 0 | J19: {=_xlfn.LET( _xlpm.item, tPlan[[#This Row],[Item]], _xlpm.prof, $B$5, _xlpm.usageRow, _xlfn.XLOOKUP( _xlpm.item&"|"&_xlpm.prof, UsageProfiles[Item]&"|"&UsageProfiles[Profile], UsageProfiles[[Mon]:[Sun]], 0 ), _xlpm.effMultRow, _xlfn.XLOOKUP( {"Monday","Tuesday","Wednesday","Thursday","Friday","Saturday","Sunday"}, ForecastTbl[Weekday], ForecastTbl[Effective_Multiplier], 1 ), _xlpm.coverFlagsRow, _xlfn.XLOOKUP( $B$3, DeliveryCoverage[Delivery_Day], DeliveryCoverage[[Mon]:[Sun]], 0 ), _xlpm.covDays, SUM(_xlpm.coverFlagsRow), _xlpm.covDemand, SUMPRODUCT(_xlpm.usageRow, _xlpm.effMultRow, _xlpm.coverFlagsRow), _xlpm.dailyDemand, IF(_xlpm.covDays=0, 0, _xlpm.covDemand/_xlpm.covDays), IF(_xlpm.dailyDemand=0, "", ROUND((tPlan[[#This Row],[Current Stock]]+tPlan[[#This Row],[Incoming Ordered]])/_xlpm.dailyDemand, 1)) )} -> 7.7 | K19: {=ROUNDUP( _xlfn.LET( _xlpm.stDay, TRIM($B$2), _xlpm.delDay, TRIM($B$3), _xlpm.incDel, $B$4, _xlpm.dayNames, {"Monday","Tuesday","Wednesday","Thursday","Friday","Saturday","Sunday"}, _xlpm.idxSt, _xlfn.XMATCH(_xlpm.stDay, _xlpm.dayNames, 0), _xlpm.idxDel, _xlfn.XMATCH(_xlpm.delDay, _xlpm.dayNames, 0), _xlpm.days, {1,2,3,4,5,6,7}, _xlpm.idxEnd, IF(_xlpm.incDel, _xlpm.idxDel, _xlpm.idxDel-1), _xlpm.flags, IF( OR(ISNA(_xlpm.idxSt), ISNA(_xlpm.idxDel), _xlpm.idxEnd<1), {0,0,0,0,0,0,0}, IF( _xlpm.idxSt<=_xlpm.idxEnd, --(_xlpm.days>=_xlpm.idxSt)*(_xlpm.days<=_xlpm.idxEnd), --((_xlpm.days>=_xlpm.idxSt)+(_xlpm.days<=_xlpm.idxEnd)>0) ) ), _xlpm.usageRow, _xlfn.XLOOKUP( tPlan[[#This Row],[Item]]&"|"&$B$5, UsageProfiles[Item]&"|"&UsageProfiles[Profile], UsageProfiles[[Mon]:[Sun]], 0 ), _xlpm.effMultRow, _xlfn.XLOOKUP( _xlpm.dayNames, ForecastTbl[Weekday], ForecastTbl[Effective_Multiplier], 1 ), SUMPRODUCT(_xlpm.flags, _xlpm.usageRow, _xlpm.effMultRow) ), 0)} -> 2 | L19: =MAX(0, tPlan[[#This Row],[Current Stock]] - tPlan[[#This Row],[Pre-Delivery Demand]]) -> 2
A20: Protein Item A | B20: 1 | C20: 0 | D20: =MAX(0, ROUNDUP(tPlan[[#This Row],[Total Required]] - (tPlan[[#This Row],[Current Stock]] + tPlan[[#This Row],[Incoming Ordered]]), 0)) -> 8 | E20: =IF(tPlan[[#This Row],[Projected Stock Delivery]]<=0,"URGENT", IF(tPlan[[#This Row],[Order Qty]]>0,"ORDER","OK")) -> URGENT | F20: {=_xlfn.LET( _xlpm.item, tPlan[[#This Row],[Item]], _xlpm.prof, $B$5, _xlpm.usageRow, _xlfn.XLOOKUP( _xlpm.item&"|"&_xlpm.prof, UsageProfiles[Item]&"|"&UsageProfiles[Profile], UsageProfiles[[Mon]:[Sun]], 0 ), _xlpm.effMultRow, _xlfn.XLOOKUP( {"Monday","Tuesday","Wednesday","Thursday","Friday","Saturday","Sunday"}, ForecastTbl[Weekday], ForecastTbl[Effective_Multiplier], 1 ), _xlpm.coverFlagsRow, _xlfn.XLOOKUP( $B$3, DeliveryCoverage[Delivery_Day], DeliveryCoverage[[Mon]:[Sun]], 0 ), SUMPRODUCT(_xlpm.usageRow, _xlpm.effMultRow, _xlpm.coverFlagsRow) )} -> 2.0890388 | G20: {=_xlfn.LET( _xlpm.item, tPlan[[#This Row],[Item]], _xlpm.prof, $B$5, _xlpm.baseBuffer, _xlfn.XLOOKUP( _xlpm.item&"|"&_xlpm.prof, UsageProfiles[Item]&"|"&UsageProfiles[Profile], UsageProfiles[Buffer], 0 ), _xlpm.profMult, Forecast_Model!$E$15, ROUNDUP(_xlpm.baseBuffer * _xlpm.profMult, 0) )} -> 2 | H20: =tPlan[[#This Row],[Pre-Delivery Demand]] + tPlan[[#This Row],[Coverage Demand]] + tPlan[[#This Row],[Adjusted Buffer]] -> 8.0890388 | I20: {=_xlfn.LET( _xlpm.item, tPlan[[#This Row],[Item]], _xlpm.prof, $B$5, _xlpm.salesUnit, _xlfn.XLOOKUP( _xlpm.item&"|"&_xlpm.prof, UsageProfiles[Item]&"|"&UsageProfiles[Profile], UsageProfiles[Sales_per_unit], 0 ), MAX(0, tPlan[[#This Row],[Total Required]] - (tPlan[[#This Row],[Current Stock]] + tPlan[[#This Row],[Incoming Ordered]])) * _xlpm.salesUnit )} -> 3544.5194 | J20: {=_xlfn.LET( _xlpm.item, tPlan[[#This Row],[Item]], _xlpm.prof, $B$5, _xlpm.usageRow, _xlfn.XLOOKUP( _xlpm.item&"|"&_xlpm.prof, UsageProfiles[Item]&"|"&UsageProfiles[Profile], UsageProfiles[[Mon]:[Sun]], 0 ), _xlpm.effMultRow, _xlfn.XLOOKUP( {"Monday","Tuesday","Wednesday","Thursday","Friday","Saturday","Sunday"}, ForecastTbl[Weekday], ForecastTbl[Effective_Multiplier], 1 ), _xlpm.coverFlagsRow, _xlfn.XLOOKUP( $B$3, DeliveryCoverage[Delivery_Day], DeliveryCoverage[[Mon]:[Sun]], 0 ), _xlpm.covDays, SUM(_xlpm.coverFlagsRow), _xlpm.covDemand, SUMPRODUCT(_xlpm.usageRow, _xlpm.effMultRow, _xlpm.coverFlagsRow), _xlpm.dailyDemand, IF(_xlpm.covDays=0, 0, _xlpm.covDemand/_xlpm.covDays), IF(_xlpm.dailyDemand=0, "", ROUND((tPlan[[#This Row],[Current Stock]]+tPlan[[#This Row],[Incoming Ordered]])/_xlpm.dailyDemand, 1)) )} -> 1 | K20: {=ROUNDUP( _xlfn.LET( _xlpm.stDay, TRIM($B$2), _xlpm.delDay, TRIM($B$3), _xlpm.incDel, $B$4, _xlpm.dayNames, {"Monday","Tuesday","Wednesday","Thursday","Friday","Saturday","Sunday"}, _xlpm.idxSt, _xlfn.XMATCH(_xlpm.stDay, _xlpm.dayNames, 0), _xlpm.idxDel, _xlfn.XMATCH(_xlpm.delDay, _xlpm.dayNames, 0), _xlpm.days, {1,2,3,4,5,6,7}, _xlpm.idxEnd, IF(_xlpm.incDel, _xlpm.idxDel, _xlpm.idxDel-1), _xlpm.flags, IF( OR(ISNA(_xlpm.idxSt), ISNA(_xlpm.idxDel), _xlpm.idxEnd<1), {0,0,0,0,0,0,0}, IF( _xlpm.idxSt<=_xlpm.idxEnd, --(_xlpm.days>=_xlpm.idxSt)*(_xlpm.days<=_xlpm.idxEnd), --((_xlpm.days>=_xlpm.idxSt)+(_xlpm.days<=_xlpm.idxEnd)>0) ) ), _xlpm.usageRow, _xlfn.XLOOKUP( tPlan[[#This Row],[Item]]&"|"&$B$5, UsageProfiles[Item]&"|"&UsageProfiles[Profile], UsageProfiles[[Mon]:[Sun]], 0 ), _xlpm.effMultRow, _xlfn.XLOOKUP( _xlpm.dayNames, ForecastTbl[Weekday], ForecastTbl[Effective_Multiplier], 1 ), SUMPRODUCT(_xlpm.flags, _xlpm.usageRow, _xlpm.effMultRow) ), 0)} -> 4 | L20: =MAX(0, tPlan[[#This Row],[Current Stock]] - tPlan[[#This Row],[Pre-Delivery Demand]]) -> 0
A21: Frozen Item B | B21: 4 | C21: 2 | D21: =MAX(0, ROUNDUP(tPlan[[#This Row],[Total Required]] - (tPlan[[#This Row],[Current Stock]] + tPlan[[#This Row],[Incoming Ordered]]), 0)) -> 3 | E21: =IF(tPlan[[#This Row],[Projected Stock Delivery]]<=0,"URGENT", IF(tPlan[[#This Row],[Order Qty]]>0,"ORDER","OK")) -> URGENT | F21: {=_xlfn.LET( _xlpm.item, tPlan[[#This Row],[Item]], _xlpm.prof, $B$5, _xlpm.usageRow, _xlfn.XLOOKUP( _xlpm.item&"|"&_xlpm.prof, UsageProfiles[Item]&"|"&UsageProfiles[Profile], UsageProfiles[[Mon]:[Sun]], 0 ), _xlpm.effMultRow, _xlfn.XLOOKUP( {"Monday","Tuesday","Wednesday","Thursday","Friday","Saturday","Sunday"}, ForecastTbl[Weekday], ForecastTbl[Effective_Multiplier], 1 ), _xlpm.coverFlagsRow, _xlfn.XLOOKUP( $B$3, DeliveryCoverage[Delivery_Day], DeliveryCoverage[[Mon]:[Sun]], 0 ), SUMPRODUCT(_xlpm.usageRow, _xlpm.effMultRow, _xlpm.coverFlagsRow) )} -> 2.0890388 | G21: {=_xlfn.LET( _xlpm.item, tPlan[[#This Row],[Item]], _xlpm.prof, $B$5, _xlpm.baseBuffer, _xlfn.XLOOKUP( _xlpm.item&"|"&_xlpm.prof, UsageProfiles[Item]&"|"&UsageProfiles[Profile], UsageProfiles[Buffer], 0 ), _xlpm.profMult, Forecast_Model!$E$15, ROUNDUP(_xlpm.baseBuffer * _xlpm.profMult, 0) )} -> 2 | H21: =tPlan[[#This Row],[Pre-Delivery Demand]] + tPlan[[#This Row],[Coverage Demand]] + tPlan[[#This Row],[Adjusted Buffer]] -> 8.0890388 | I21: {=_xlfn.LET( _xlpm.item, tPlan[[#This Row],[Item]], _xlpm.prof, $B$5, _xlpm.salesUnit, _xlfn.XLOOKUP( _xlpm.item&"|"&_xlpm.prof, UsageProfiles[Item]&"|"&UsageProfiles[Profile], UsageProfiles[Sales_per_unit], 0 ), MAX(0, tPlan[[#This Row],[Total Required]] - (tPlan[[#This Row],[Current Stock]] + tPlan[[#This Row],[Incoming Ordered]])) * _xlpm.salesUnit )} -> 2089.0388 | J21: {=_xlfn.LET( _xlpm.item, tPlan[[#This Row],[Item]], _xlpm.prof, $B$5, _xlpm.usageRow, _xlfn.XLOOKUP( _xlpm.item&"|"&_xlpm.prof, UsageProfiles[Item]&"|"&UsageProfiles[Profile], UsageProfiles[[Mon]:[Sun]], 0 ), _xlpm.effMultRow, _xlfn.XLOOKUP( {"Monday","Tuesday","Wednesday","Thursday","Friday","Saturday","Sunday"}, ForecastTbl[Weekday], ForecastTbl[Effective_Multiplier], 1 ), _xlpm.coverFlagsRow, _xlfn.XLOOKUP( $B$3, DeliveryCoverage[Delivery_Day], DeliveryCoverage[[Mon]:[Sun]], 0 ), _xlpm.covDays, SUM(_xlpm.coverFlagsRow), _xlpm.covDemand, SUMPRODUCT(_xlpm.usageRow, _xlpm.effMultRow, _xlpm.coverFlagsRow), _xlpm.dailyDemand, IF(_xlpm.covDays=0, 0, _xlpm.covDemand/_xlpm.covDays), IF(_xlpm.dailyDemand=0, "", ROUND((tPlan[[#This Row],[Current Stock]]+tPlan[[#This Row],[Incoming Ordered]])/_xlpm.dailyDemand, 1)) )} -> 5.7 | K21: {=ROUNDUP( _xlfn.LET( _xlpm.stDay, TRIM($B$2), _xlpm.delDay, TRIM($B$3), _xlpm.incDel, $B$4, _xlpm.dayNames, {"Monday","Tuesday","Wednesday","Thursday","Friday","Saturday","Sunday"}, _xlpm.idxSt, _xlfn.XMATCH(_xlpm.stDay, _xlpm.dayNames, 0), _xlpm.idxDel, _xlfn.XMATCH(_xlpm.delDay, _xlpm.dayNames, 0), _xlpm.days, {1,2,3,4,5,6,7}, _xlpm.idxEnd, IF(_xlpm.incDel, _xlpm.idxDel, _xlpm.idxDel-1), _xlpm.flags, IF( OR(ISNA(_xlpm.idxSt), ISNA(_xlpm.idxDel), _xlpm.idxEnd<1), {0,0,0,0,0,0,0}, IF( _xlpm.idxSt<=_xlpm.idxEnd, --(_xlpm.days>=_xlpm.idxSt)*(_xlpm.days<=_xlpm.idxEnd), --((_xlpm.days>=_xlpm.idxSt)+(_xlpm.days<=_xlpm.idxEnd)>0) ) ), _xlpm.usageRow, _xlfn.XLOOKUP( tPlan[[#This Row],[Item]]&"|"&$B$5, UsageProfiles[Item]&"|"&UsageProfiles[Profile], UsageProfiles[[Mon]:[Sun]], 0 ), _xlpm.effMultRow, _xlfn.XLOOKUP( _xlpm.dayNames, ForecastTbl[Weekday], ForecastTbl[Effective_Multiplier], 1 ), SUMPRODUCT(_xlpm.flags, _xlpm.usageRow, _xlpm.effMultRow) ), 0)} -> 4 | L21: =MAX(0, tPlan[[#This Row],[Current Stock]] - tPlan[[#This Row],[Pre-Delivery Demand]]) -> 0

Sheet Data_Sales
A1: Date | B1: Weekday | C1: Sales | D1: YearWeek | E1: Week_Type
A2: 45929 | B2: Monday | C2: 3453 | D2: 2025-40 | E2: Normal Trading
A3: 45930 | B3: Tuesday | C3: 4163 | D3: 2025-40 | E3: Normal Trading
A4: 45931 | B4: Wednesday | C4: 3885 | D4: 2025-40 | E4: Normal Trading
A5: 45932 | B5: Thursday | C5: 4206 | D5: 2025-40 | E5: Normal Trading
A6: 45933 | B6: Friday | C6: 5977 | D6: 2025-40 | E6: Normal Trading
A7: 45934 | B7: Saturday | C7: 8970 | D7: 2025-40 | E7: Normal Trading
A8: 45935 | B8: Sunday | C8: 8379 | D8: 2025-40 | E8: Normal Trading
A9: 45937 | B9: Tuesday | C9: 4858 | D9: 2025-41 | E9: Normal Trading
A10: 45938 | B10: Wednesday | C10: 3401 | D10: 2025-41 | E10: Normal Trading
A11: 45939 | B11: Thursday | C11: 5726 | D11: 2025-41 | E11: Normal Trading
A12: 45940 | B12: Friday | C12: 7294 | D12: 2025-41 | E12: Normal Trading
A13: 45941 | B13: Saturday | C13: 7613 | D13: 2025-41 | E13: Normal Trading
... A197: 46138 | B197: Sunday | C197: 6490 | D197: 2026-17 | E197: Normal Trading

Sheet Setup
A3: Delivery_Day | C3: Delivery_Coverage_Flags | L3: Weekday_List | N3: Profile | O3: Multiplier
A4: Monday | C4: Delivery_Day | D4: Mon | E4: Tue | F4: Wed | G4: Thu | H4: Fri | I4: Sat | J4: Sun | L4: Monday | N4: Low | O4: 0.9
A5: Wednesday | C5: Monday | D5: 0 | E5: 1 | F5: 1 | G5: 0 | H5: 0 | I5: 0 | J5: 0 | L5: Tuesday | N5: Normal | O5: 1.05
A6: Friday | C6: Wednesday | D6: 0 | E6: 0 | F6: 0 | G6: 1 | H6: 1 | I6: 0 | J6: 0 | L6: Wednesday | N6: High | O6: 1.15
A7: Saturday | C7: Friday | D7: 1 | E7: 0 | F7: 0 | G7: 0 | H7: 0 | I7: 1 | J7: 1 | L7: Thursday
C8: Saturday | D8: 1 | E8: 0 | F8: 0 | G8: 0 | H8: 0 | I8: 0 | J8: 1 | L8: Friday
L9: Saturday
L10: Sunday
C17: Profile | D17: Min | E17: Multiplier
C18: Low | D18: 0 | E18: 0.9
C19: Normal | D19: 0.91 | E19: 1.05
C20: High | D20: 1.06 | E20: 1.15

Sheet Forecast_Model
A2: Weekly Forecast Input | D2: Weekday | E2: Forecast_Sales | F2: Baseline_Sales | G2: Raw_Multiplier | H2: Effective_Multiplier
A3: Week Start Date (Mon) | B3: 46139 | D3: Monday | E3: {=_xlfn.LET( _xlpm.wd, ForecastTbl[[#This Row],[Weekday]], _xlpm.startDate, $B$3, _xlpm.include, (tSales[Weekday]=_xlpm.wd) * (tSales[Date]<_xlpm.startDate) * (tSales[Sales]>0), _xlpm.vals, _xlfn._xlws.FILTER(tSales[Sales], _xlpm.include), _xlpm.dts, _xlfn._xlws.FILTER(tSales[Date], _xlpm.include), _xlpm.valsSorted, _xlfn.SORTBY(_xlpm.vals, _xlpm.dts, -1), _xlpm.n, ROWS(_xlpm.valsSorted), _xlpm.k, IF(_xlpm.n>=3,3,IF(_xlpm.n>=2,2,IF(_xlpm.n>=1,1,0))), _xlpm.avgN, IF(_xlpm.k=0,0, AVERAGE(_xlfn.TAKE(_xlpm.valsSorted,_xlpm.k))), CEILING(_xlpm.avgN, 100) )} -> 4600 | F3: =_xlfn.LET( _xlpm.wd, ForecastTbl[[#This Row],[Weekday]], _xlpm.startDate, $B$3, _xlpm.cutoff, _xlpm.startDate-84, AVERAGEIFS( tSales[Sales], tSales[Weekday], _xlpm.wd, tSales[Date], ">="&_xlpm.cutoff, tSales[Date], "<"&_xlpm.startDate ) ) -> 4121.6667 | G3: =IF(ForecastTbl[[#This Row],[Baseline_Sales]]=0,1,ForecastTbl[[#This Row],[Forecast_Sales]]/ForecastTbl[[#This Row],[Baseline_Sales]]) -> 1.1160534 | H3: =Forecast_Model!$E16 -> 1.171856
A4: Week End Date (Sun) | B4: =B3+6 -> 46145 | D4: Tuesday | E4: {=_xlfn.LET( _xlpm.wd, ForecastTbl[[#This Row],[Weekday]], _xlpm.startDate, $B$3, _xlpm.include, (tSales[Weekday]=_xlpm.wd) * (tSales[Date]<_xlpm.startDate) * (tSales[Sales]>0), _xlpm.vals, _xlfn._xlws.FILTER(tSales[Sales], _xlpm.include), _xlpm.dts, _xlfn._xlws.FILTER(tSales[Date], _xlpm.include), _xlpm.valsSorted, _xlfn.SORTBY(_xlpm.vals, _xlpm.dts, -1), _xlpm.n, ROWS(_xlpm.valsSorted), _xlpm.k, IF(_xlpm.n>=3,3,IF(_xlpm.n>=2,2,IF(_xlpm.n>=1,1,0))), _xlpm.avgN, IF(_xlpm.k=0,0, AVERAGE(_xlfn.TAKE(_xlpm.valsSorted,_xlpm.k))), CEILING(_xlpm.avgN, 100) )} -> 3600 | F4: =_xlfn.LET( _xlpm.wd, ForecastTbl[[#This Row],[Weekday]], _xlpm.startDate, $B$3, _xlpm.cutoff, _xlpm.startDate-84, AVERAGEIFS( tSales[Sales], tSales[Weekday], _xlpm.wd, tSales[Date], ">="&_xlpm.cutoff, tSales[Date], "<"&_xlpm.startDate ) ) -> 4038.25 | G4: =IF(ForecastTbl[[#This Row],[Baseline_Sales]]=0,1,ForecastTbl[[#This Row],[Forecast_Sales]]/ForecastTbl[[#This Row],[Baseline_Sales]]) -> 0.89147527 | H4: =Forecast_Model!$E17 -> 0.93604903
A5: Forecast Total Sales | B5: =SUM(ForecastTbl[Forecast_Sales]) -> 39400 | D5: Wednesday | E5: {=_xlfn.LET( _xlpm.wd, ForecastTbl[[#This Row],[Weekday]], _xlpm.startDate, $B$3, _xlpm.include, (tSales[Weekday]=_xlpm.wd) * (tSales[Date]<_xlpm.startDate) * (tSales[Sales]>0), _xlpm.vals, _xlfn._xlws.FILTER(tSales[Sales], _xlpm.include), _xlpm.dts, _xlfn._xlws.FILTER(tSales[Date], _xlpm.include), _xlpm.valsSorted, _xlfn.SORTBY(_xlpm.vals, _xlpm.dts, -1), _xlpm.n, ROWS(_xlpm.valsSorted), _xlpm.k, IF(_xlpm.n>=3,3,IF(_xlpm.n>=2,2,IF(_xlpm.n>=1,1,0))), _xlpm.avgN, IF(_xlpm.k=0,0, AVERAGE(_xlfn.TAKE(_xlpm.valsSorted,_xlpm.k))), CEILING(_xlpm.avgN, 100) )} -> 4100 | F5: =_xlfn.LET( _xlpm.wd, ForecastTbl[[#This Row],[Weekday]], _xlpm.startDate, $B$3, _xlpm.cutoff, _xlpm.startDate-84, AVERAGEIFS( tSales[Sales], tSales[Weekday], _xlpm.wd, tSales[Date], ">="&_xlpm.cutoff, tSales[Date], "<"&_xlpm.startDate ) ) -> 4086.3333 | G5: =IF(ForecastTbl[[#This Row],[Baseline_Sales]]=0,1,ForecastTbl[[#This Row],[Forecast_Sales]]/ForecastTbl[[#This Row],[Baseline_Sales]]) -> 1.0033445 | H5: =Forecast_Model!$E18 -> 1.0535117
D6: Thursday | E6: {=_xlfn.LET( _xlpm.wd, ForecastTbl[[#This Row],[Weekday]], _xlpm.startDate, $B$3, _xlpm.include, (tSales[Weekday]=_xlpm.wd) * (tSales[Date]<_xlpm.startDate) * (tSales[Sales]>0), _xlpm.vals, _xlfn._xlws.FILTER(tSales[Sales], _xlpm.include), _xlpm.dts, _xlfn._xlws.FILTER(tSales[Date], _xlpm.include), _xlpm.valsSorted, _xlfn.SORTBY(_xlpm.vals, _xlpm.dts, -1), _xlpm.n, ROWS(_xlpm.valsSorted), _xlpm.k, IF(_xlpm.n>=3,3,IF(_xlpm.n>=2,2,IF(_xlpm.n>=1,1,0))), _xlpm.avgN, IF(_xlpm.k=0,0, AVERAGE(_xlfn.TAKE(_xlpm.valsSorted,_xlpm.k))), CEILING(_xlpm.avgN, 100) )} -> 5800 | F6: =_xlfn.LET( _xlpm.wd, ForecastTbl[[#This Row],[Weekday]], _xlpm.startDate, $B$3, _xlpm.cutoff, _xlpm.startDate-84, AVERAGEIFS( tSales[Sales], tSales[Weekday], _xlpm.wd, tSales[Date], ">="&_xlpm.cutoff, tSales[Date], "<"&_xlpm.startDate ) ) -> 5291.75 | G6: =IF(ForecastTbl[[#This Row],[Baseline_Sales]]=0,1,ForecastTbl[[#This Row],[Forecast_Sales]]/ForecastTbl[[#This Row],[Baseline_Sales]]) -> 1.0960457 | H6: =Forecast_Model!$E19 -> 1.150848
A7: Check | B7: =SUM(ForecastTbl[Forecast_Sales]) -> 39400 | D7: Friday | E7: {=_xlfn.LET( _xlpm.wd, ForecastTbl[[#This Row],[Weekday]], _xlpm.startDate, $B$3, _xlpm.include, (tSales[Weekday]=_xlpm.wd) * (tSales[Date]<_xlpm.startDate) * (tSales[Sales]>0), _xlpm.vals, _xlfn._xlws.FILTER(tSales[Sales], _xlpm.include), _xlpm.dts, _xlfn._xlws.FILTER(tSales[Date], _xlpm.include), _xlpm.valsSorted, _xlfn.SORTBY(_xlpm.vals, _xlpm.dts, -1), _xlpm.n, ROWS(_xlpm.valsSorted), _xlpm.k, IF(_xlpm.n>=3,3,IF(_xlpm.n>=2,2,IF(_xlpm.n>=1,1,0))), _xlpm.avgN, IF(_xlpm.k=0,0, AVERAGE(_xlfn.TAKE(_xlpm.valsSorted,_xlpm.k))), CEILING(_xlpm.avgN, 100) )} -> 5800 | F7: =_xlfn.LET( _xlpm.wd, ForecastTbl[[#This Row],[Weekday]], _xlpm.startDate, $B$3, _xlpm.cutoff, _xlpm.startDate-84, AVERAGEIFS( tSales[Sales], tSales[Weekday], _xlpm.wd, tSales[Date], ">="&_xlpm.cutoff, tSales[Date], "<"&_xlpm.startDate ) ) -> 7075.1667 | G7: =IF(ForecastTbl[[#This Row],[Baseline_Sales]]=0,1,ForecastTbl[[#This Row],[Forecast_Sales]]/ForecastTbl[[#This Row],[Baseline_Sales]]) -> 0.81976867 | H7: =Forecast_Model!$E20 -> 0.86075711
A8: Difference vs Total | B8: =B5-B7 -> 0 | D8: Saturday | E8: {=_xlfn.LET( _xlpm.wd, ForecastTbl[[#This Row],[Weekday]], _xlpm.startDate, $B$3, _xlpm.include, (tSales[Weekday]=_xlpm.wd) * (tSales[Date]<_xlpm.startDate) * (tSales[Sales]>0), _xlpm.vals, _xlfn._xlws.FILTER(tSales[Sales], _xlpm.include), _xlpm.dts, _xlfn._xlws.FILTER(tSales[Date], _xlpm.include), _xlpm.valsSorted, _xlfn.SORTBY(_xlpm.vals, _xlpm.dts, -1), _xlpm.n, ROWS(_xlpm.valsSorted), _xlpm.k, IF(_xlpm.n>=3,3,IF(_xlpm.n>=2,2,IF(_xlpm.n>=1,1,0))), _xlpm.avgN, IF(_xlpm.k=0,0, AVERAGE(_xlfn.TAKE(_xlpm.valsSorted,_xlpm.k))), CEILING(_xlpm.avgN, 100) )} -> 9000 | F8: =_xlfn.LET( _xlpm.wd, ForecastTbl[[#This Row],[Weekday]], _xlpm.startDate, $B$3, _xlpm.cutoff, _xlpm.startDate-84, AVERAGEIFS( tSales[Sales], tSales[Weekday], _xlpm.wd, tSales[Date], ">="&_xlpm.cutoff, tSales[Date], "<"&_xlpm.startDate ) ) -> 8760.4167 | G8: =IF(ForecastTbl[[#This Row],[Baseline_Sales]]=0,1,ForecastTbl[[#This Row],[Forecast_Sales]]/ForecastTbl[[#This Row],[Baseline_Sales]]) -> 1.0273484 | H8: =Forecast_Model!$E21 -> 1.0787158
D9: Sunday | E9: {=_xlfn.LET( _xlpm.wd, ForecastTbl[[#This Row],[Weekday]], _xlpm.startDate, $B$3, _xlpm.include, (tSales[Weekday]=_xlpm.wd) * (tSales[Date]<_xlpm.startDate) * (tSales[Sales]>0), _xlpm.vals, _xlfn._xlws.FILTER(tSales[Sales], _xlpm.include), _xlpm.dts, _xlfn._xlws.FILTER(tSales[Date], _xlpm.include), _xlpm.valsSorted, _xlfn.SORTBY(_xlpm.vals, _xlpm.dts, -1), _xlpm.n, ROWS(_xlpm.valsSorted), _xlpm.k, IF(_xlpm.n>=3,3,IF(_xlpm.n>=2,2,IF(_xlpm.n>=1,1,0))), _xlpm.avgN, IF(_xlpm.k=0,0, AVERAGE(_xlfn.TAKE(_xlpm.valsSorted,_xlpm.k))), CEILING(_xlpm.avgN, 100) )} -> 6500 | F9: =_xlfn.LET( _xlpm.wd, ForecastTbl[[#This Row],[Weekday]], _xlpm.startDate, $B$3, _xlpm.cutoff, _xlpm.startDate-84, AVERAGEIFS( tSales[Sales], tSales[Weekday], _xlpm.wd, tSales[Date], ">="&_xlpm.cutoff, tSales[Date], "<"&_xlpm.startDate ) ) -> 7448.6667 | G9: =IF(ForecastTbl[[#This Row],[Baseline_Sales]]=0,1,ForecastTbl[[#This Row],[Forecast_Sales]]/ForecastTbl[[#This Row],[Baseline_Sales]]) -> 0.8726394 | H9: =Forecast_Model!$E22 -> 0.91627137
D11: Weekly Baseline | E11: =SUM(ForecastTbl[Baseline_Sales]) -> 40822.25
D12: Weekly Forecast | E12: =SUM(ForecastTbl[Forecast_Sales]) -> 39400
D13: Weekly Multiplier | E13: =IF(E11=0,1,E12/E11) -> 0.96515993
D14: Selected Profile | E14: {=_xlfn.LET(_xlpm.m, VALUE($E$13), _xlfn.XLOOKUP(_xlpm.m, ProfileRules[Min], ProfileRules[Profile], "High", -1) )} -> Normal
D15: Profile Multiplier | E15: =IFERROR(_xlfn.XLOOKUP($E$14, ProfileRules[Profile], ProfileRules[Multiplier], 1),1) -> 1.05
D16: Effective_Multiplier | E16: {=IFERROR(ForecastTbl[Raw_Multiplier]*$E$15,1)} -> 1.171856
E17: 0.93604903
E18: 1.0535117
E19: 1.150848
E20: 0.86075711
E21: 1.0787158
E22: 0.91627137

Sheet Usage_Rates
A1: Item | B1: Profile | C1: Sales_per_unit | D1: Mon | E1: Tue | F1: Wed | G1: Thu | H1: Fri | I1: Sat | J1: Sun | K1: Buffer | L1: Weekly_Usage | M1: Adjusted_Buffer | N1: Total_Weekly_Need | P1: Item | Q1: Avg Weekly Usage (Low) | R1: Avg Weekly Usage (Normal) | S1: Avg Weekly Usage (High)
A2: Sauce A | B2: Low | C2: 500 | D2: 2 | E2: 2 | F2: 2 | G2: 3 | H2: 3 | I2: 3 | J2: 3 | K2: 2 | L2: =UsageProfiles[[#This Row],[Mon]]+UsageProfiles[[#This Row],[Tue]]+UsageProfiles[[#This Row],[Wed]]+UsageProfiles[[#This Row],[Thu]]+UsageProfiles[[#This Row],[Fri]]+UsageProfiles[[#This Row],[Sat]]+UsageProfiles[[#This Row],[Sun]] -> 18 | M2: =ROUNDUP(UsageProfiles[[#This Row],[Buffer]]*_xlfn.XLOOKUP(UsageProfiles[[#This Row],[Profile]], DemandProfile[Profile], DemandProfile[Multiplier]),0) -> 2 | N2: =ROUNDUP(UsageProfiles[[#This Row],[Weekly_Usage]]+UsageProfiles[[#This Row],[Adjusted_Buffer]],1) -> 20 | P2: Sauce A | Q2: =SUMIFS(UsageProfiles[Weekly_Usage], UsageProfiles[Item],$P2, UsageProfiles[Profile], "Low") -> 18 | R2: =SUMIFS(UsageProfiles[Weekly_Usage], UsageProfiles[Item], $P2, UsageProfiles[Profile], "Normal") -> 18.9 | S2: =SUMIFS(UsageProfiles[Weekly_Usage], UsageProfiles[Item], $P2, UsageProfiles[Profile], "High") -> 20.7
A3: Sauce A | B3: Normal | C3: 500 | D3: =D2 * _xlfn.XLOOKUP("Normal", DemandProfile[Profile], DemandProfile[Multiplier]) -> 2.1 | E3: =E2*_xlfn.XLOOKUP("Normal",DemandProfile[Profile],DemandProfile[Multiplier]) -> 2.1 | F3: =F2*_xlfn.XLOOKUP("Normal",DemandProfile[Profile],DemandProfile[Multiplier]) -> 2.1 | G3: =G2* _xlfn.XLOOKUP("Normal", DemandProfile[Profile], DemandProfile[Multiplier]) -> 3.15 | H3: =H2*_xlfn.XLOOKUP("Normal",DemandProfile[Profile],DemandProfile[Multiplier]) -> 3.15 | I3: =I2* _xlfn.XLOOKUP("Normal", DemandProfile[Profile], DemandProfile[Multiplier]) -> 3.15 | J3: =J2* _xlfn.XLOOKUP("Normal", DemandProfile[Profile], DemandProfile[Multiplier]) -> 3.15 | K3: =K2 -> 2 | L3: =UsageProfiles[[#This Row],[Mon]]+UsageProfiles[[#This Row],[Tue]]+UsageProfiles[[#This Row],[Wed]]+UsageProfiles[[#This Row],[Thu]]+UsageProfiles[[#This Row],[Fri]]+UsageProfiles[[#This Row],[Sat]]+UsageProfiles[[#This Row],[Sun]] -> 18.9 | M3: =ROUNDUP(UsageProfiles[[#This Row],[Buffer]]*_xlfn.XLOOKUP(UsageProfiles[[#This Row],[Profile]], DemandProfile[Profile], DemandProfile[Multiplier]),0) -> 3 | N3: =ROUNDUP(UsageProfiles[[#This Row],[Weekly_Usage]]+UsageProfiles[[#This Row],[Adjusted_Buffer]],1) -> 21.9 | P3: Frozen Item A | Q3: =SUMIFS(UsageProfiles[Weekly_Usage], UsageProfiles[Item],$P3, UsageProfiles[Profile], "Low") -> 55.5 | R3: =SUMIFS(UsageProfiles[Weekly_Usage], UsageProfiles[Item], $P3, UsageProfiles[Profile], "Normal") -> 58.275 | S3: =SUMIFS(UsageProfiles[Weekly_Usage], UsageProfiles[Item], $P3, UsageProfiles[Profile], "High") -> 63.825
A4: Sauce A | B4: High | C4: 500 | D4: =D2 * _xlfn.XLOOKUP("High", DemandProfile[Profile], DemandProfile[Multiplier]) -> 2.3 | E4: =E2 * _xlfn.XLOOKUP("High", DemandProfile[Profile], DemandProfile[Multiplier]) -> 2.3 | F4: =F2 * _xlfn.XLOOKUP("High", DemandProfile[Profile], DemandProfile[Multiplier]) -> 2.3 | G4: =G2 * _xlfn.XLOOKUP("High", DemandProfile[Profile], DemandProfile[Multiplier]) -> 3.45 | H4: =H2 * _xlfn.XLOOKUP("High", DemandProfile[Profile], DemandProfile[Multiplier]) -> 3.45 | I4: =I2 * _xlfn.XLOOKUP("High", DemandProfile[Profile], DemandProfile[Multiplier]) -> 3.45 | J4: =J2 * _xlfn.XLOOKUP("High", DemandProfile[Profile], DemandProfile[Multiplier]) -> 3.45 | K4: =K2 -> 2 | L4: =UsageProfiles[[#This Row],[Mon]]+UsageProfiles[[#This Row],[Tue]]+UsageProfiles[[#This Row],[Wed]]+UsageProfiles[[#This Row],[Thu]]+UsageProfiles[[#This Row],[Fri]]+UsageProfiles[[#This Row],[Sat]]+UsageProfiles[[#This Row],[Sun]] -> 20.7 | M4: =ROUNDUP(UsageProfiles[[#This Row],[Buffer]]*_xlfn.XLOOKUP(UsageProfiles[[#This Row],[Profile]], DemandProfile[Profile], DemandProfile[Multiplier]),0) -> 3 | N4: =ROUNDUP(UsageProfiles[[#This Row],[Weekly_Usage]]+UsageProfiles[[#This Row],[Adjusted_Buffer]],1) -> 23.7 | P4: Bread Item A | Q4: =SUMIFS(UsageProfiles[Weekly_Usage], UsageProfiles[Item],$P4, UsageProfiles[Profile], "Low") -> 18 | R4: =SUMIFS(UsageProfiles[Weekly_Usage], UsageProfiles[Item], $P4, UsageProfiles[Profile], "Normal") -> 18.9 | S4: =SUMIFS(UsageProfiles[Weekly_Usage], UsageProfiles[Item], $P4, UsageProfiles[Profile], "High") -> 20.7
A5: Frozen Item A | B5: Low | C5: 1000 | D5: 6.5 | E5: 6.5 | F5: 6.5 | G5: 9 | H5: 9 | I5: 9 | J5: 9 | K5: 3 | L5: =UsageProfiles[[#This Row],[Mon]]+UsageProfiles[[#This Row],[Tue]]+UsageProfiles[[#This Row],[Wed]]+UsageProfiles[[#This Row],[Thu]]+UsageProfiles[[#This Row],[Fri]]+UsageProfiles[[#This Row],[Sat]]+UsageProfiles[[#This Row],[Sun]] -> 55.5 | M5: =ROUNDUP(UsageProfiles[[#This Row],[Buffer]]*_xlfn.XLOOKUP(UsageProfiles[[#This Row],[Profile]], DemandProfile[Profile], DemandProfile[Multiplier]),0) -> 3 | N5: =ROUNDUP(UsageProfiles[[#This Row],[Weekly_Usage]]+UsageProfiles[[#This Row],[Adjusted_Buffer]],1) -> 58.5 | P5: Mix Item A | Q5: =SUMIFS(UsageProfiles[Weekly_Usage], UsageProfiles[Item],$P5, UsageProfiles[Profile], "Low") -> 25 | R5: =SUMIFS(UsageProfiles[Weekly_Usage], UsageProfiles[Item], $P5, UsageProfiles[Profile], "Normal") -> 26.25 | S5: =SUMIFS(UsageProfiles[Weekly_Usage], UsageProfiles[Item], $P5, UsageProfiles[Profile], "High") -> 28.75
A6: Frozen Item A | B6: Normal | C6: 1000 | D6: =D5 * _xlfn.XLOOKUP("Normal", DemandProfile[Profile], DemandProfile[Multiplier]) -> 6.825 | E6: =E5 * _xlfn.XLOOKUP("Normal", DemandProfile[Profile], DemandProfile[Multiplier]) -> 6.825 | F6: =F5 * _xlfn.XLOOKUP("Normal", DemandProfile[Profile], DemandProfile[Multiplier]) -> 6.825 | G6: =G5 * _xlfn.XLOOKUP("Normal", DemandProfile[Profile], DemandProfile[Multiplier]) -> 9.45 | H6: =H5 * _xlfn.XLOOKUP("Normal", DemandProfile[Profile], DemandProfile[Multiplier]) -> 9.45 | I6: =I5 * _xlfn.XLOOKUP("Normal", DemandProfile[Profile], DemandProfile[Multiplier]) -> 9.45 | J6: =J5 * _xlfn.XLOOKUP("Normal", DemandProfile[Profile], DemandProfile[Multiplier]) -> 9.45 | K6: =K5 -> 3 | L6: =UsageProfiles[[#This Row],[Mon]]+UsageProfiles[[#This Row],[Tue]]+UsageProfiles[[#This Row],[Wed]]+UsageProfiles[[#This Row],[Thu]]+UsageProfiles[[#This Row],[Fri]]+UsageProfiles[[#This Row],[Sat]]+UsageProfiles[[#This Row],[Sun]] -> 58.275 | M6: =ROUNDUP(UsageProfiles[[#This Row],[Buffer]]*_xlfn.XLOOKUP(UsageProfiles[[#This Row],[Profile]], DemandProfile[Profile], DemandProfile[Multiplier]),0) -> 4 | N6: =ROUNDUP(UsageProfiles[[#This Row],[Weekly_Usage]]+UsageProfiles[[#This Row],[Adjusted_Buffer]],1) -> 62.3 | P6: Packaging Item A | Q6: =SUMIFS(UsageProfiles[Weekly_Usage], UsageProfiles[Item],$P6, UsageProfiles[Profile], "Low") -> 18 | R6: =SUMIFS(UsageProfiles[Weekly_Usage], UsageProfiles[Item], $P6, UsageProfiles[Profile], "Normal") -> 18.9 | S6: =SUMIFS(UsageProfiles[Weekly_Usage], UsageProfiles[Item], $P6, UsageProfiles[Profile], "High") -> 20.7
A7: Frozen Item A | B7: High | C7: 1000 | D7: =D5 * _xlfn.XLOOKUP("High", DemandProfile[Profile], DemandProfile[Multiplier]) -> 7.475 | E7: =E5 * _xlfn.XLOOKUP("High", DemandProfile[Profile], DemandProfile[Multiplier]) -> 7.475 | F7: =F5 * _xlfn.XLOOKUP("High", DemandProfile[Profile], DemandProfile[Multiplier]) -> 7.475 | G7: =G5 * _xlfn.XLOOKUP("High", DemandProfile[Profile], DemandProfile[Multiplier]) -> 10.35 | H7: =H5 * _xlfn.XLOOKUP("High", DemandProfile[Profile], DemandProfile[Multiplier]) -> 10.35 | I7: =I5 * _xlfn.XLOOKUP("High", DemandProfile[Profile], DemandProfile[Multiplier]) -> 10.35 | J7: =J5 * _xlfn.XLOOKUP("High", DemandProfile[Profile], DemandProfile[Multiplier]) -> 10.35 | K7: =K5 -> 3 | L7: =UsageProfiles[[#This Row],[Mon]]+UsageProfiles[[#This Row],[Tue]]+UsageProfiles[[#This Row],[Wed]]+UsageProfiles[[#This Row],[Thu]]+UsageProfiles[[#This Row],[Fri]]+UsageProfiles[[#This Row],[Sat]]+UsageProfiles[[#This Row],[Sun]] -> 63.825 | M7: =ROUNDUP(UsageProfiles[[#This Row],[Buffer]]*_xlfn.XLOOKUP(UsageProfiles[[#This Row],[Profile]], DemandProfile[Profile], DemandProfile[Multiplier]),0) -> 4 | N7: =ROUNDUP(UsageProfiles[[#This Row],[Weekly_Usage]]+UsageProfiles[[#This Row],[Adjusted_Buffer]],1) -> 67.9 | P7: Ingredient A | Q7: =SUMIFS(UsageProfiles[Weekly_Usage], UsageProfiles[Item],$P7, UsageProfiles[Profile], "Low") -> 7.15 | R7: =SUMIFS(UsageProfiles[Weekly_Usage], UsageProfiles[Item], $P7, UsageProfiles[Profile], "Normal") -> 7.5075 | S7: =SUMIFS(UsageProfiles[Weekly_Usage], UsageProfiles[Item], $P7, UsageProfiles[Profile], "High") -> 8.2225
A8: Bread Item A | B8: Low | C8: 450 | D8: 2 | E8: 2 | F8: 2 | G8: 3 | H8: 3 | I8: 3 | J8: 3 | K8: 3 | L8: =UsageProfiles[[#This Row],[Mon]]+UsageProfiles[[#This Row],[Tue]]+UsageProfiles[[#This Row],[Wed]]+UsageProfiles[[#This Row],[Thu]]+UsageProfiles[[#This Row],[Fri]]+UsageProfiles[[#This Row],[Sat]]+UsageProfiles[[#This Row],[Sun]] -> 18 | M8: =ROUNDUP(UsageProfiles[[#This Row],[Buffer]]*_xlfn.XLOOKUP(UsageProfiles[[#This Row],[Profile]], DemandProfile[Profile], DemandProfile[Multiplier]),0) -> 3 | N8: =ROUNDUP(UsageProfiles[[#This Row],[Weekly_Usage]]+UsageProfiles[[#This Row],[Adjusted_Buffer]],1) -> 21 | P8: Ingredient B | Q8: =SUMIFS(UsageProfiles[Weekly_Usage], UsageProfiles[Item],$P8, UsageProfiles[Profile], "Low") -> 18 | R8: =SUMIFS(UsageProfiles[Weekly_Usage], UsageProfiles[Item], $P8, UsageProfiles[Profile], "Normal") -> 18.9 | S8: =SUMIFS(UsageProfiles[Weekly_Usage], UsageProfiles[Item], $P8, UsageProfiles[Profile], "High") -> 20.7
A9: Bread Item A | B9: Normal | C9: 450 | D9: =D8 * _xlfn.XLOOKUP("Normal", DemandProfile[Profile], DemandProfile[Multiplier]) -> 2.1 | E9: =E8 * _xlfn.XLOOKUP("Normal", DemandProfile[Profile], DemandProfile[Multiplier]) -> 2.1 | F9: =F8 * _xlfn.XLOOKUP("Normal", DemandProfile[Profile], DemandProfile[Multiplier]) -> 2.1 | G9: =G8 * _xlfn.XLOOKUP("Normal", DemandProfile[Profile], DemandProfile[Multiplier]) -> 3.15 | H9: =H8 * _xlfn.XLOOKUP("Normal", DemandProfile[Profile], DemandProfile[Multiplier]) -> 3.15 | I9: =I8 * _xlfn.XLOOKUP("Normal", DemandProfile[Profile], DemandProfile[Multiplier]) -> 3.15 | J9: =J8 * _xlfn.XLOOKUP("Normal", DemandProfile[Profile], DemandProfile[Multiplier]) -> 3.15 | K9: =K8 -> 3 | L9: =UsageProfiles[[#This Row],[Mon]]+UsageProfiles[[#This Row],[Tue]]+UsageProfiles[[#This Row],[Wed]]+UsageProfiles[[#This Row],[Thu]]+UsageProfiles[[#This Row],[Fri]]+UsageProfiles[[#This Row],[Sat]]+UsageProfiles[[#This Row],[Sun]] -> 18.9 | M9: =ROUNDUP(UsageProfiles[[#This Row],[Buffer]]*_xlfn.XLOOKUP(UsageProfiles[[#This Row],[Profile]], DemandProfile[Profile], DemandProfile[Multiplier]),0) -> 4 | N9: =ROUNDUP(UsageProfiles[[#This Row],[Weekly_Usage]]+UsageProfiles[[#This Row],[Adjusted_Buffer]],1) -> 22.9 | P9: Dairy Item A | Q9: =SUMIFS(UsageProfiles[Weekly_Usage], UsageProfiles[Item],$P9, UsageProfiles[Profile], "Low") -> 4.55 | R9: =SUMIFS(UsageProfiles[Weekly_Usage], UsageProfiles[Item], $P9, UsageProfiles[Profile], "Normal") -> 4.7775 | S9: =SUMIFS(UsageProfiles[Weekly_Usage], UsageProfiles[Item], $P9, UsageProfiles[Profile], "High") -> 5.2325
A10: Bread Item A | B10: High | C10: 450 | D10: =D8 * _xlfn.XLOOKUP("High", DemandProfile[Profile], DemandProfile[Multiplier]) -> 2.3 | E10: =E8 * _xlfn.XLOOKUP("High", DemandProfile[Profile], DemandProfile[Multiplier]) -> 2.3 | F10: =F8 * _xlfn.XLOOKUP("High", DemandProfile[Profile], DemandProfile[Multiplier]) -> 2.3 | G10: =G8 * _xlfn.XLOOKUP("High", DemandProfile[Profile], DemandProfile[Multiplier]) -> 3.45 | H10: =H8 * _xlfn.XLOOKUP("High", DemandProfile[Profile], DemandProfile[Multiplier]) -> 3.45 | I10: =I8 * _xlfn.XLOOKUP("High", DemandProfile[Profile], DemandProfile[Multiplier]) -> 3.45 | J10: =J8 * _xlfn.XLOOKUP("High", DemandProfile[Profile], DemandProfile[Multiplier]) -> 3.45 | K10: =K8 -> 3 | L10: =UsageProfiles[[#This Row],[Mon]]+UsageProfiles[[#This Row],[Tue]]+UsageProfiles[[#This Row],[Wed]]+UsageProfiles[[#This Row],[Thu]]+UsageProfiles[[#This Row],[Fri]]+UsageProfiles[[#This Row],[Sat]]+UsageProfiles[[#This Row],[Sun]] -> 20.7 | M10: =ROUNDUP(UsageProfiles[[#This Row],[Buffer]]*_xlfn.XLOOKUP(UsageProfiles[[#This Row],[Profile]], DemandProfile[Profile], DemandProfile[Multiplier]),0) -> 4 | N10: =ROUNDUP(UsageProfiles[[#This Row],[Weekly_Usage]]+UsageProfiles[[#This Row],[Adjusted_Buffer]],1) -> 24.7 | P10: Gloves XL | Q10: =SUMIFS(UsageProfiles[Weekly_Usage], UsageProfiles[Item],$P10, UsageProfiles[Profile], "Low") -> 3.5 | R10: =SUMIFS(UsageProfiles[Weekly_Usage], UsageProfiles[Item], $P10, UsageProfiles[Profile], "Normal") -> 3.675 | S10: =SUMIFS(UsageProfiles[Weekly_Usage], UsageProfiles[Item], $P10, UsageProfiles[Profile], "High") -> 4.025
A11: Mix Item A | B11: Low | C11: 200 | D11: 3 | E11: 3 | F11: 3 | G11: 4 | H11: 4 | I11: 4 | J11: 4 | K11: 4 | L11: =UsageProfiles[[#This Row],[Mon]]+UsageProfiles[[#This Row],[Tue]]+UsageProfiles[[#This Row],[Wed]]+UsageProfiles[[#This Row],[Thu]]+UsageProfiles[[#This Row],[Fri]]+UsageProfiles[[#This Row],[Sat]]+UsageProfiles[[#This Row],[Sun]] -> 25 | M11: =ROUNDUP(UsageProfiles[[#This Row],[Buffer]]*_xlfn.XLOOKUP(UsageProfiles[[#This Row],[Profile]], DemandProfile[Profile], DemandProfile[Multiplier]),0) -> 4 | N11: =ROUNDUP(UsageProfiles[[#This Row],[Weekly_Usage]]+UsageProfiles[[#This Row],[Adjusted_Buffer]],1) -> 29 | P11: Gloves L | Q11: =SUMIFS(UsageProfiles[Weekly_Usage], UsageProfiles[Item],$P11, UsageProfiles[Profile], "Low") -> 3.5 | R11: =SUMIFS(UsageProfiles[Weekly_Usage], UsageProfiles[Item], $P11, UsageProfiles[Profile], "Normal") -> 3.675 | S11: =SUMIFS(UsageProfiles[Weekly_Usage], UsageProfiles[Item], $P11, UsageProfiles[Profile], "High") -> 4.025
A12: Mix Item A | B12: Normal | C12: 200 | D12: =D11 * _xlfn.XLOOKUP("Normal", DemandProfile[Profile], DemandProfile[Multiplier]) -> 3.15 | E12: =E11 * _xlfn.XLOOKUP("Normal", DemandProfile[Profile], DemandProfile[Multiplier]) -> 3.15 | F12: =F11 * _xlfn.XLOOKUP("Normal", DemandProfile[Profile], DemandProfile[Multiplier]) -> 3.15 | G12: =G11 * _xlfn.XLOOKUP("Normal", DemandProfile[Profile], DemandProfile[Multiplier]) -> 4.2 | H12: =H11 * _xlfn.XLOOKUP("Normal", DemandProfile[Profile], DemandProfile[Multiplier]) -> 4.2 | I12: =I11 * _xlfn.XLOOKUP("Normal", DemandProfile[Profile], DemandProfile[Multiplier]) -> 4.2 | J12: =J11 * _xlfn.XLOOKUP("Normal", DemandProfile[Profile], DemandProfile[Multiplier]) -> 4.2 | K12: =K11 -> 4 | L12: =UsageProfiles[[#This Row],[Mon]]+UsageProfiles[[#This Row],[Tue]]+UsageProfiles[[#This Row],[Wed]]+UsageProfiles[[#This Row],[Thu]]+UsageProfiles[[#This Row],[Fri]]+UsageProfiles[[#This Row],[Sat]]+UsageProfiles[[#This Row],[Sun]] -> 26.25 | M12: =ROUNDUP(UsageProfiles[[#This Row],[Buffer]]*_xlfn.XLOOKUP(UsageProfiles[[#This Row],[Profile]], DemandProfile[Profile], DemandProfile[Multiplier]),0) -> 5 | N12: =ROUNDUP(UsageProfiles[[#This Row],[Weekly_Usage]]+UsageProfiles[[#This Row],[Adjusted_Buffer]],1) -> 31.3 | P12: Gloves M | Q12: =SUMIFS(UsageProfiles[Weekly_Usage], UsageProfiles[Item],$P12, UsageProfiles[Profile], "Low") -> 3.5 | R12: =SUMIFS(UsageProfiles[Weekly_Usage], UsageProfiles[Item], $P12, UsageProfiles[Profile], "Normal") -> 3.675 | S12: =SUMIFS(UsageProfiles[Weekly_Usage], UsageProfiles[Item], $P12, UsageProfiles[Profile], "High") -> 4.025
A13: Mix Item A | B13: High | C13: 200 | D13: =D11 * _xlfn.XLOOKUP("High", DemandProfile[Profile], DemandProfile[Multiplier]) -> 3.45 | E13: =E11 * _xlfn.XLOOKUP("High", DemandProfile[Profile], DemandProfile[Multiplier]) -> 3.45 | F13: =F11 * _xlfn.XLOOKUP("High", DemandProfile[Profile], DemandProfile[Multiplier]) -> 3.45 | G13: =G11 * _xlfn.XLOOKUP("High", DemandProfile[Profile], DemandProfile[Multiplier]) -> 4.6 | H13: =H11 * _xlfn.XLOOKUP("High", DemandProfile[Profile], DemandProfile[Multiplier]) -> 4.6 | I13: =I11 * _xlfn.XLOOKUP("High", DemandProfile[Profile], DemandProfile[Multiplier]) -> 4.6 | J13: =J11 * _xlfn.XLOOKUP("High", DemandProfile[Profile], DemandProfile[Multiplier]) -> 4.6 | K13: =K11 -> 4 | L13: =UsageProfiles[[#This Row],[Mon]]+UsageProfiles[[#This Row],[Tue]]+UsageProfiles[[#This Row],[Wed]]+UsageProfiles[[#This Row],[Thu]]+UsageProfiles[[#This Row],[Fri]]+UsageProfiles[[#This Row],[Sat]]+UsageProfiles[[#This Row],[Sun]] -> 28.75 | M13: =ROUNDUP(UsageProfiles[[#This Row],[Buffer]]*_xlfn.XLOOKUP(UsageProfiles[[#This Row],[Profile]], DemandProfile[Profile], DemandProfile[Multiplier]),0) -> 5 | N13: =ROUNDUP(UsageProfiles[[#This Row],[Weekly_Usage]]+UsageProfiles[[#This Row],[Adjusted_Buffer]],1) -> 33.8 | P13: Protein Item A | Q13: =SUMIFS(UsageProfiles[Weekly_Usage], UsageProfiles[Item],$P13, UsageProfiles[Profile], "Low") -> 11 | R13: =SUMIFS(UsageProfiles[Weekly_Usage], UsageProfiles[Item], $P13, UsageProfiles[Profile], "Normal") -> 11.55 | S13: =SUMIFS(UsageProfiles[Weekly_Usage], UsageProfiles[Item], $P13, UsageProfiles[Profile], "High") -> 12.65
A14: Packaging Item A | B14: Low | C14: 150 | D14: 2 | E14: 2 | F14: 2 | G14: 3 | H14: 3 | I14: 3 | J14: 3 | K14: 3 | L14: =UsageProfiles[[#This Row],[Mon]]+UsageProfiles[[#This Row],[Tue]]+UsageProfiles[[#This Row],[Wed]]+UsageProfiles[[#This Row],[Thu]]+UsageProfiles[[#This Row],[Fri]]+UsageProfiles[[#This Row],[Sat]]+UsageProfiles[[#This Row],[Sun]] -> 18 | M14: =ROUNDUP(UsageProfiles[[#This Row],[Buffer]]*_xlfn.XLOOKUP(UsageProfiles[[#This Row],[Profile]], DemandProfile[Profile], DemandProfile[Multiplier]),0) -> 3 | N14: =ROUNDUP(UsageProfiles[[#This Row],[Weekly_Usage]]+UsageProfiles[[#This Row],[Adjusted_Buffer]],1) -> 21 | P14: Frozen Item B | Q14: =SUMIFS(UsageProfiles[Weekly_Usage], UsageProfiles[Item],$P14, UsageProfiles[Profile], "Low") -> 11 | R14: =SUMIFS(UsageProfiles[Weekly_Usage], UsageProfiles[Item], $P14, UsageProfiles[Profile], "Normal") -> 11.55 | S14: =SUMIFS(UsageProfiles[Weekly_Usage], UsageProfiles[Item], $P14, UsageProfiles[Profile], "High") -> 12.65
A15: Packaging Item A | B15: Normal | C15: 150 | D15: =D14 * _xlfn.XLOOKUP("Normal", DemandProfile[Profile], DemandProfile[Multiplier]) -> 2.1 | E15: =E14 * _xlfn.XLOOKUP("Normal", DemandProfile[Profile], DemandProfile[Multiplier]) -> 2.1 | F15: =F14 * _xlfn.XLOOKUP("Normal", DemandProfile[Profile], DemandProfile[Multiplier]) -> 2.1 | G15: =G14 * _xlfn.XLOOKUP("Normal", DemandProfile[Profile], DemandProfile[Multiplier]) -> 3.15 | H15: =H14 * _xlfn.XLOOKUP("Normal", DemandProfile[Profile], DemandProfile[Multiplier]) -> 3.15 | I15: =I14 * _xlfn.XLOOKUP("Normal", DemandProfile[Profile], DemandProfile[Multiplier]) -> 3.15 | J15: =J14 * _xlfn.XLOOKUP("Normal", DemandProfile[Profile], DemandProfile[Multiplier]) -> 3.15 | K15: =K14 -> 3 | L15: =UsageProfiles[[#This Row],[Mon]]+UsageProfiles[[#This Row],[Tue]]+UsageProfiles[[#This Row],[Wed]]+UsageProfiles[[#This Row],[Thu]]+UsageProfiles[[#This Row],[Fri]]+UsageProfiles[[#This Row],[Sat]]+UsageProfiles[[#This Row],[Sun]] -> 18.9 | M15: =ROUNDUP(UsageProfiles[[#This Row],[Buffer]]*_xlfn.XLOOKUP(UsageProfiles[[#This Row],[Profile]], DemandProfile[Profile], DemandProfile[Multiplier]),0) -> 4 | N15: =ROUNDUP(UsageProfiles[[#This Row],[Weekly_Usage]]+UsageProfiles[[#This Row],[Adjusted_Buffer]],1) -> 22.9
A16: Packaging Item A | B16: High | C16: 150 | D16: =D14 * _xlfn.XLOOKUP("High", DemandProfile[Profile], DemandProfile[Multiplier]) -> 2.3 | E16: =E14 * _xlfn.XLOOKUP("High", DemandProfile[Profile], DemandProfile[Multiplier]) -> 2.3 | F16: =F14 * _xlfn.XLOOKUP("High", DemandProfile[Profile], DemandProfile[Multiplier]) -> 2.3 | G16: =G14 * _xlfn.XLOOKUP("High", DemandProfile[Profile], DemandProfile[Multiplier]) -> 3.45 | H16: =H14 * _xlfn.XLOOKUP("High", DemandProfile[Profile], DemandProfile[Multiplier]) -> 3.45 | I16: =I14 * _xlfn.XLOOKUP("High", DemandProfile[Profile], DemandProfile[Multiplier]) -> 3.45 | J16: =J14 * _xlfn.XLOOKUP("High", DemandProfile[Profile], DemandProfile[Multiplier]) -> 3.45 | K16: =K14 -> 3 | L16: =UsageProfiles[[#This Row],[Mon]]+UsageProfiles[[#This Row],[Tue]]+UsageProfiles[[#This Row],[Wed]]+UsageProfiles[[#This Row],[Thu]]+UsageProfiles[[#This Row],[Fri]]+UsageProfiles[[#This Row],[Sat]]+UsageProfiles[[#This Row],[Sun]] -> 20.7 | M16: =ROUNDUP(UsageProfiles[[#This Row],[Buffer]]*_xlfn.XLOOKUP(UsageProfiles[[#This Row],[Profile]], DemandProfile[Profile], DemandProfile[Multiplier]),0) -> 4 | N16: =ROUNDUP(UsageProfiles[[#This Row],[Weekly_Usage]]+UsageProfiles[[#This Row],[Adjusted_Buffer]],1) -> 24.7
A17: Ingredient A | B17: Low | C17: 700 | D17: 0.85 | E17: 0.85 | F17: 0.85 | G17: 1.15 | H17: 1.15 | I17: 1.15 | J17: 1.15 | K17: 1 | L17: =UsageProfiles[[#This Row],[Mon]]+UsageProfiles[[#This Row],[Tue]]+UsageProfiles[[#This Row],[Wed]]+UsageProfiles[[#This Row],[Thu]]+UsageProfiles[[#This Row],[Fri]]+UsageProfiles[[#This Row],[Sat]]+UsageProfiles[[#This Row],[Sun]] -> 7.15 | M17: =ROUNDUP(UsageProfiles[[#This Row],[Buffer]]*_xlfn.XLOOKUP(UsageProfiles[[#This Row],[Profile]], DemandProfile[Profile], DemandProfile[Multiplier]),0) -> 1 | N17: =ROUNDUP(UsageProfiles[[#This Row],[Weekly_Usage]]+UsageProfiles[[#This Row],[Adjusted_Buffer]],1) -> 8.2
A18: Ingredient A | B18: Normal | C18: 700 | D18: =D17 * _xlfn.XLOOKUP("Normal", DemandProfile[Profile], DemandProfile[Multiplier]) -> 0.8925 | E18: =E17 * _xlfn.XLOOKUP("Normal", DemandProfile[Profile], DemandProfile[Multiplier]) -> 0.8925 | F18: =F17 * _xlfn.XLOOKUP("Normal", DemandProfile[Profile], DemandProfile[Multiplier]) -> 0.8925 | G18: =G17 * _xlfn.XLOOKUP("Normal", DemandProfile[Profile], DemandProfile[Multiplier]) -> 1.2075 | H18: =H17 * _xlfn.XLOOKUP("Normal", DemandProfile[Profile], DemandProfile[Multiplier]) -> 1.2075 | I18: =I17 * _xlfn.XLOOKUP("Normal", DemandProfile[Profile], DemandProfile[Multiplier]) -> 1.2075 | J18: =J17 * _xlfn.XLOOKUP("Normal", DemandProfile[Profile], DemandProfile[Multiplier]) -> 1.2075 | K18: =K17 -> 1 | L18: =UsageProfiles[[#This Row],[Mon]]+UsageProfiles[[#This Row],[Tue]]+UsageProfiles[[#This Row],[Wed]]+UsageProfiles[[#This Row],[Thu]]+UsageProfiles[[#This Row],[Fri]]+UsageProfiles[[#This Row],[Sat]]+UsageProfiles[[#This Row],[Sun]] -> 7.5075 | M18: =ROUNDUP(UsageProfiles[[#This Row],[Buffer]]*_xlfn.XLOOKUP(UsageProfiles[[#This Row],[Profile]], DemandProfile[Profile], DemandProfile[Multiplier]),0) -> 2 | N18: =ROUNDUP(UsageProfiles[[#This Row],[Weekly_Usage]]+UsageProfiles[[#This Row],[Adjusted_Buffer]],1) -> 9.6
A19: Ingredient A | B19: High | C19: 700 | D19: =D17 * _xlfn.XLOOKUP("High", DemandProfile[Profile], DemandProfile[Multiplier]) -> 0.9775 | E19: =E17 * _xlfn.XLOOKUP("High", DemandProfile[Profile], DemandProfile[Multiplier]) -> 0.9775 | F19: =F17 * _xlfn.XLOOKUP("High", DemandProfile[Profile], DemandProfile[Multiplier]) -> 0.9775 | G19: =G17 * _xlfn.XLOOKUP("High", DemandProfile[Profile], DemandProfile[Multiplier]) -> 1.3225 | H19: =H17 * _xlfn.XLOOKUP("High", DemandProfile[Profile], DemandProfile[Multiplier]) -> 1.3225 | I19: =I17 * _xlfn.XLOOKUP("High", DemandProfile[Profile], DemandProfile[Multiplier]) -> 1.3225 | J19: =J17 * _xlfn.XLOOKUP("High", DemandProfile[Profile], DemandProfile[Multiplier]) -> 1.3225 | K19: =K17 -> 1 | L19: =UsageProfiles[[#This Row],[Mon]]+UsageProfiles[[#This Row],[Tue]]+UsageProfiles[[#This Row],[Wed]]+UsageProfiles[[#This Row],[Thu]]+UsageProfiles[[#This Row],[Fri]]+UsageProfiles[[#This Row],[Sat]]+UsageProfiles[[#This Row],[Sun]] -> 8.2225 | M19: =ROUNDUP(UsageProfiles[[#This Row],[Buffer]]*_xlfn.XLOOKUP(UsageProfiles[[#This Row],[Profile]], DemandProfile[Profile], DemandProfile[Multiplier]),0) -> 2 | N19: =ROUNDUP(UsageProfiles[[#This Row],[Weekly_Usage]]+UsageProfiles[[#This Row],[Adjusted_Buffer]],1) -> 10.3
A20: Ingredient B | B20: Low | C20: 1050 | D20: 2 | E20: 2 | F20: 2 | G20: 3 | H20: 3 | I20: 3 | J20: 3 | K20: 3 | L20: =UsageProfiles[[#This Row],[Mon]]+UsageProfiles[[#This Row],[Tue]]+UsageProfiles[[#This Row],[Wed]]+UsageProfiles[[#This Row],[Thu]]+UsageProfiles[[#This Row],[Fri]]+UsageProfiles[[#This Row],[Sat]]+UsageProfiles[[#This Row],[Sun]] -> 18 | M20: =ROUNDUP(UsageProfiles[[#This Row],[Buffer]]*_xlfn.XLOOKUP(UsageProfiles[[#This Row],[Profile]], DemandProfile[Profile], DemandProfile[Multiplier]),0) -> 3 | N20: =ROUNDUP(UsageProfiles[[#This Row],[Weekly_Usage]]+UsageProfiles[[#This Row],[Adjusted_Buffer]],1) -> 21
A21: Ingredient B | B21: Normal | C21: 1050 | D21: =D20 * _xlfn.XLOOKUP("Normal", DemandProfile[Profile], DemandProfile[Multiplier]) -> 2.1 | E21: =E20 * _xlfn.XLOOKUP("Normal", DemandProfile[Profile], DemandProfile[Multiplier]) -> 2.1 | F21: =F20 * _xlfn.XLOOKUP("Normal", DemandProfile[Profile], DemandProfile[Multiplier]) -> 2.1 | G21: =G20 * _xlfn.XLOOKUP("Normal", DemandProfile[Profile], DemandProfile[Multiplier]) -> 3.15 | H21: =H20 * _xlfn.XLOOKUP("Normal", DemandProfile[Profile], DemandProfile[Multiplier]) -> 3.15 | I21: =I20 * _xlfn.XLOOKUP("Normal", DemandProfile[Profile], DemandProfile[Multiplier]) -> 3.15 | J21: =J20 * _xlfn.XLOOKUP("Normal", DemandProfile[Profile], DemandProfile[Multiplier]) -> 3.15 | K21: =K20 -> 3 | L21: =UsageProfiles[[#This Row],[Mon]]+UsageProfiles[[#This Row],[Tue]]+UsageProfiles[[#This Row],[Wed]]+UsageProfiles[[#This Row],[Thu]]+UsageProfiles[[#This Row],[Fri]]+UsageProfiles[[#This Row],[Sat]]+UsageProfiles[[#This Row],[Sun]] -> 18.9 | M21: =ROUNDUP(UsageProfiles[[#This Row],[Buffer]]*_xlfn.XLOOKUP(UsageProfiles[[#This Row],[Profile]], DemandProfile[Profile], DemandProfile[Multiplier]),0) -> 4 | N21: =ROUNDUP(UsageProfiles[[#This Row],[Weekly_Usage]]+UsageProfiles[[#This Row],[Adjusted_Buffer]],1) -> 22.9
A22: Ingredient B | B22: High | C22: 1050 | D22: =D20 * _xlfn.XLOOKUP("High", DemandProfile[Profile], DemandProfile[Multiplier]) -> 2.3 | E22: =E20 * _xlfn.XLOOKUP("High", DemandProfile[Profile], DemandProfile[Multiplier]) -> 2.3 | F22: =F20 * _xlfn.XLOOKUP("High", DemandProfile[Profile], DemandProfile[Multiplier]) -> 2.3 | G22: =G20 * _xlfn.XLOOKUP("High", DemandProfile[Profile], DemandProfile[Multiplier]) -> 3.45 | H22: =H20 * _xlfn.XLOOKUP("High", DemandProfile[Profile], DemandProfile[Multiplier]) -> 3.45 | I22: =I20 * _xlfn.XLOOKUP("High", DemandProfile[Profile], DemandProfile[Multiplier]) -> 3.45 | J22: =J20 * _xlfn.XLOOKUP("High", DemandProfile[Profile], DemandProfile[Multiplier]) -> 3.45 | K22: =K20 -> 3 | L22: =UsageProfiles[[#This Row],[Mon]]+UsageProfiles[[#This Row],[Tue]]+UsageProfiles[[#This Row],[Wed]]+UsageProfiles[[#This Row],[Thu]]+UsageProfiles[[#This Row],[Fri]]+UsageProfiles[[#This Row],[Sat]]+UsageProfiles[[#This Row],[Sun]] -> 20.7 | M22: =ROUNDUP(UsageProfiles[[#This Row],[Buffer]]*_xlfn.XLOOKUP(UsageProfiles[[#This Row],[Profile]], DemandProfile[Profile], DemandProfile[Multiplier]),0) -> 4 | N22: =ROUNDUP(UsageProfiles[[#This Row],[Weekly_Usage]]+UsageProfiles[[#This Row],[Adjusted_Buffer]],1) -> 24.7
A23: Dairy Item A | B23: Low | C23: 400 | D23: 0.65 | E23: 0.65 | F23: 0.65 | G23: 0.65 | H23: 0.65 | I23: 0.65 | J23: 0.65 | K23: 1 | L23: =UsageProfiles[[#This Row],[Mon]]+UsageProfiles[[#This Row],[Tue]]+UsageProfiles[[#This Row],[Wed]]+UsageProfiles[[#This Row],[Thu]]+UsageProfiles[[#This Row],[Fri]]+UsageProfiles[[#This Row],[Sat]]+UsageProfiles[[#This Row],[Sun]] -> 4.55 | M23: =ROUNDUP(UsageProfiles[[#This Row],[Buffer]]*_xlfn.XLOOKUP(UsageProfiles[[#This Row],[Profile]], DemandProfile[Profile], DemandProfile[Multiplier]),0) -> 1 | N23: =ROUNDUP(UsageProfiles[[#This Row],[Weekly_Usage]]+UsageProfiles[[#This Row],[Adjusted_Buffer]],1) -> 5.6
A24: Dairy Item A | B24: Normal | C24: 400 | D24: =D23 * _xlfn.XLOOKUP("Normal", DemandProfile[Profile], DemandProfile[Multiplier]) -> 0.6825 | E24: =E23 * _xlfn.XLOOKUP("Normal", DemandProfile[Profile], DemandProfile[Multiplier]) -> 0.6825 | F24: =F23 * _xlfn.XLOOKUP("Normal", DemandProfile[Profile], DemandProfile[Multiplier]) -> 0.6825 | G24: =G23 * _xlfn.XLOOKUP("Normal", DemandProfile[Profile], DemandProfile[Multiplier]) -> 0.6825 | H24: =H23 * _xlfn.XLOOKUP("Normal", DemandProfile[Profile], DemandProfile[Multiplier]) -> 0.6825 | I24: =I23 * _xlfn.XLOOKUP("Normal", DemandProfile[Profile], DemandProfile[Multiplier]) -> 0.6825 | J24: =J23 * _xlfn.XLOOKUP("Normal", DemandProfile[Profile], DemandProfile[Multiplier]) -> 0.6825 | K24: =K23 -> 1 | L24: =UsageProfiles[[#This Row],[Mon]]+UsageProfiles[[#This Row],[Tue]]+UsageProfiles[[#This Row],[Wed]]+UsageProfiles[[#This Row],[Thu]]+UsageProfiles[[#This Row],[Fri]]+UsageProfiles[[#This Row],[Sat]]+UsageProfiles[[#This Row],[Sun]] -> 4.7775 | M24: =ROUNDUP(UsageProfiles[[#This Row],[Buffer]]*_xlfn.XLOOKUP(UsageProfiles[[#This Row],[Profile]], DemandProfile[Profile], DemandProfile[Multiplier]),0) -> 2 | N24: =ROUNDUP(UsageProfiles[[#This Row],[Weekly_Usage]]+UsageProfiles[[#This Row],[Adjusted_Buffer]],1) -> 6.8
A25: Dairy Item A | B25: High | C25: 400 | D25: =D23 * _xlfn.XLOOKUP("High", DemandProfile[Profile], DemandProfile[Multiplier]) -> 0.7475 | E25: =E23 * _xlfn.XLOOKUP("High", DemandProfile[Profile], DemandProfile[Multiplier]) -> 0.7475 | F25: =F23 * _xlfn.XLOOKUP("High", DemandProfile[Profile], DemandProfile[Multiplier]) -> 0.7475 | G25: =G23 * _xlfn.XLOOKUP("High", DemandProfile[Profile], DemandProfile[Multiplier]) -> 0.7475 | H25: =H23 * _xlfn.XLOOKUP("High", DemandProfile[Profile], DemandProfile[Multiplier]) -> 0.7475 | I25: =I23 * _xlfn.XLOOKUP("High", DemandProfile[Profile], DemandProfile[Multiplier]) -> 0.7475 | J25: =J23 * _xlfn.XLOOKUP("High", DemandProfile[Profile], DemandProfile[Multiplier]) -> 0.7475 | K25: =K23 -> 1 | L25: =UsageProfiles[[#This Row],[Mon]]+UsageProfiles[[#This Row],[Tue]]+UsageProfiles[[#This Row],[Wed]]+UsageProfiles[[#This Row],[Thu]]+UsageProfiles[[#This Row],[Fri]]+UsageProfiles[[#This Row],[Sat]]+UsageProfiles[[#This Row],[Sun]] -> 5.2325 | M25: =ROUNDUP(UsageProfiles[[#This Row],[Buffer]]*_xlfn.XLOOKUP(UsageProfiles[[#This Row],[Profile]], DemandProfile[Profile], DemandProfile[Multiplier]),0) -> 2 | N25: =ROUNDUP(UsageProfiles[[#This Row],[Weekly_Usage]]+UsageProfiles[[#This Row],[Adjusted_Buffer]],1) -> 7.3
A26: Gloves XL | B26: Low | C26: 0 | D26: 0.5 | E26: 0.5 | F26: 0.5 | G26: 0.5 | H26: 0.5 | I26: 0.5 | J26: 0.5 | K26: 0 | L26: =UsageProfiles[[#This Row],[Mon]]+UsageProfiles[[#This Row],[Tue]]+UsageProfiles[[#This Row],[Wed]]+UsageProfiles[[#This Row],[Thu]]+UsageProfiles[[#This Row],[Fri]]+UsageProfiles[[#This Row],[Sat]]+UsageProfiles[[#This Row],[Sun]] -> 3.5 | M26: =ROUNDUP(UsageProfiles[[#This Row],[Buffer]]*_xlfn.XLOOKUP(UsageProfiles[[#This Row],[Profile]], DemandProfile[Profile], DemandProfile[Multiplier]),0) -> 0 | N26: =ROUNDUP(UsageProfiles[[#This Row],[Weekly_Usage]]+UsageProfiles[[#This Row],[Adjusted_Buffer]],1) -> 3.5
A27: Gloves XL | B27: Normal | C27: 0 | D27: =D26 * _xlfn.XLOOKUP("Normal", DemandProfile[Profile], DemandProfile[Multiplier]) -> 0.525 | E27: =E26 * _xlfn.XLOOKUP("Normal", DemandProfile[Profile], DemandProfile[Multiplier]) -> 0.525 | F27: =F26 * _xlfn.XLOOKUP("Normal", DemandProfile[Profile], DemandProfile[Multiplier]) -> 0.525 | G27: =G26 * _xlfn.XLOOKUP("Normal", DemandProfile[Profile], DemandProfile[Multiplier]) -> 0.525 | H27: =H26 * _xlfn.XLOOKUP("Normal", DemandProfile[Profile], DemandProfile[Multiplier]) -> 0.525 | I27: =I26 * _xlfn.XLOOKUP("Normal", DemandProfile[Profile], DemandProfile[Multiplier]) -> 0.525 | J27: =J26 * _xlfn.XLOOKUP("Normal", DemandProfile[Profile], DemandProfile[Multiplier]) -> 0.525 | K27: =K26 -> 0 | L27: =UsageProfiles[[#This Row],[Mon]]+UsageProfiles[[#This Row],[Tue]]+UsageProfiles[[#This Row],[Wed]]+UsageProfiles[[#This Row],[Thu]]+UsageProfiles[[#This Row],[Fri]]+UsageProfiles[[#This Row],[Sat]]+UsageProfiles[[#This Row],[Sun]] -> 3.675 | M27: =ROUNDUP(UsageProfiles[[#This Row],[Buffer]]*_xlfn.XLOOKUP(UsageProfiles[[#This Row],[Profile]], DemandProfile[Profile], DemandProfile[Multiplier]),0) -> 0 | N27: =ROUNDUP(UsageProfiles[[#This Row],[Weekly_Usage]]+UsageProfiles[[#This Row],[Adjusted_Buffer]],1) -> 3.7
A28: Gloves XL | B28: High | C28: 0 | D28: =D26 * _xlfn.XLOOKUP("High", DemandProfile[Profile], DemandProfile[Multiplier]) -> 0.575 | E28: =E26 * _xlfn.XLOOKUP("High", DemandProfile[Profile], DemandProfile[Multiplier]) -> 0.575 | F28: =F26 * _xlfn.XLOOKUP("High", DemandProfile[Profile], DemandProfile[Multiplier]) -> 0.575 | G28: =G26 * _xlfn.XLOOKUP("High", DemandProfile[Profile], DemandProfile[Multiplier]) -> 0.575 | H28: =H26 * _xlfn.XLOOKUP("High", DemandProfile[Profile], DemandProfile[Multiplier]) -> 0.575 | I28: =I26 * _xlfn.XLOOKUP("High", DemandProfile[Profile], DemandProfile[Multiplier]) -> 0.575 | J28: =J26 * _xlfn.XLOOKUP("High", DemandProfile[Profile], DemandProfile[Multiplier]) -> 0.575 | K28: =K26 -> 0 | L28: =UsageProfiles[[#This Row],[Mon]]+UsageProfiles[[#This Row],[Tue]]+UsageProfiles[[#This Row],[Wed]]+UsageProfiles[[#This Row],[Thu]]+UsageProfiles[[#This Row],[Fri]]+UsageProfiles[[#This Row],[Sat]]+UsageProfiles[[#This Row],[Sun]] -> 4.025 | M28: =ROUNDUP(UsageProfiles[[#This Row],[Buffer]]*_xlfn.XLOOKUP(UsageProfiles[[#This Row],[Profile]], DemandProfile[Profile], DemandProfile[Multiplier]),0) -> 0 | N28: =ROUNDUP(UsageProfiles[[#This Row],[Weekly_Usage]]+UsageProfiles[[#This Row],[Adjusted_Buffer]],1) -> 4.1
A29: Gloves L | B29: Low | C29: 0 | D29: 0.5 | E29: 0.5 | F29: 0.5 | G29: 0.5 | H29: 0.5 | I29: 0.5 | J29: 0.5 | K29: 0 | L29: =UsageProfiles[[#This Row],[Mon]]+UsageProfiles[[#This Row],[Tue]]+UsageProfiles[[#This Row],[Wed]]+UsageProfiles[[#This Row],[Thu]]+UsageProfiles[[#This Row],[Fri]]+UsageProfiles[[#This Row],[Sat]]+UsageProfiles[[#This Row],[Sun]] -> 3.5 | M29: =ROUNDUP(UsageProfiles[[#This Row],[Buffer]]*_xlfn.XLOOKUP(UsageProfiles[[#This Row],[Profile]], DemandProfile[Profile], DemandProfile[Multiplier]),0) -> 0 | N29: =ROUNDUP(UsageProfiles[[#This Row],[Weekly_Usage]]+UsageProfiles[[#This Row],[Adjusted_Buffer]],1) -> 3.5
A30: Gloves L | B30: Normal | C30: 0 | D30: =D29 * _xlfn.XLOOKUP("Normal", DemandProfile[Profile], DemandProfile[Multiplier]) -> 0.525 | E30: =E29 * _xlfn.XLOOKUP("Normal", DemandProfile[Profile], DemandProfile[Multiplier]) -> 0.525 | F30: =F29 * _xlfn.XLOOKUP("Normal", DemandProfile[Profile], DemandProfile[Multiplier]) -> 0.525 | G30: =G29 * _xlfn.XLOOKUP("Normal", DemandProfile[Profile], DemandProfile[Multiplier]) -> 0.525 | H30: =H29 * _xlfn.XLOOKUP("Normal", DemandProfile[Profile], DemandProfile[Multiplier]) -> 0.525 | I30: =I29 * _xlfn.XLOOKUP("Normal", DemandProfile[Profile], DemandProfile[Multiplier]) -> 0.525 | J30: =J29 * _xlfn.XLOOKUP("Normal", DemandProfile[Profile], DemandProfile[Multiplier]) -> 0.525 | K30: =K29 -> 0 | L30: =UsageProfiles[[#This Row],[Mon]]+UsageProfiles[[#This Row],[Tue]]+UsageProfiles[[#This Row],[Wed]]+UsageProfiles[[#This Row],[Thu]]+UsageProfiles[[#This Row],[Fri]]+UsageProfiles[[#This Row],[Sat]]+UsageProfiles[[#This Row],[Sun]] -> 3.675 | M30: =ROUNDUP(UsageProfiles[[#This Row],[Buffer]]*_xlfn.XLOOKUP(UsageProfiles[[#This Row],[Profile]], DemandProfile[Profile], DemandProfile[Multiplier]),0) -> 0 | N30: =ROUNDUP(UsageProfiles[[#This Row],[Weekly_Usage]]+UsageProfiles[[#This Row],[Adjusted_Buffer]],1) -> 3.7
A31: Gloves L | B31: High | C31: 0 | D31: =D29 * _xlfn.XLOOKUP("High", DemandProfile[Profile], DemandProfile[Multiplier]) -> 0.575 | E31: =E29 * _xlfn.XLOOKUP("High", DemandProfile[Profile], DemandProfile[Multiplier]) -> 0.575 | F31: =F29 * _xlfn.XLOOKUP("High", DemandProfile[Profile], DemandProfile[Multiplier]) -> 0.575 | G31: =G29 * _xlfn.XLOOKUP("High", DemandProfile[Profile], DemandProfile[Multiplier]) -> 0.575 | H31: =H29 * _xlfn.XLOOKUP("High", DemandProfile[Profile], DemandProfile[Multiplier]) -> 0.575 | I31: =I29 * _xlfn.XLOOKUP("High", DemandProfile[Profile], DemandProfile[Multiplier]) -> 0.575 | J31: =J29 * _xlfn.XLOOKUP("High", DemandProfile[Profile], DemandProfile[Multiplier]) -> 0.575 | K31: =K29 -> 0 | L31: =UsageProfiles[[#This Row],[Mon]]+UsageProfiles[[#This Row],[Tue]]+UsageProfiles[[#This Row],[Wed]]+UsageProfiles[[#This Row],[Thu]]+UsageProfiles[[#This Row],[Fri]]+UsageProfiles[[#This Row],[Sat]]+UsageProfiles[[#This Row],[Sun]] -> 4.025 | M31: =ROUNDUP(UsageProfiles[[#This Row],[Buffer]]*_xlfn.XLOOKUP(UsageProfiles[[#This Row],[Profile]], DemandProfile[Profile], DemandProfile[Multiplier]),0) -> 0 | N31: =ROUNDUP(UsageProfiles[[#This Row],[Weekly_Usage]]+UsageProfiles[[#This Row],[Adjusted_Buffer]],1) -> 4.1
A32: Gloves M | B32: Low | C32: 0 | D32: 0.5 | E32: 0.5 | F32: 0.5 | G32: 0.5 | H32: 0.5 | I32: 0.5 | J32: 0.5 | K32: 0 | L32: =UsageProfiles[[#This Row],[Mon]]+UsageProfiles[[#This Row],[Tue]]+UsageProfiles[[#This Row],[Wed]]+UsageProfiles[[#This Row],[Thu]]+UsageProfiles[[#This Row],[Fri]]+UsageProfiles[[#This Row],[Sat]]+UsageProfiles[[#This Row],[Sun]] -> 3.5 | M32: =ROUNDUP(UsageProfiles[[#This Row],[Buffer]]*_xlfn.XLOOKUP(UsageProfiles[[#This Row],[Profile]], DemandProfile[Profile], DemandProfile[Multiplier]),0) -> 0 | N32: =ROUNDUP(UsageProfiles[[#This Row],[Weekly_Usage]]+UsageProfiles[[#This Row],[Adjusted_Buffer]],1) -> 3.5
A33: Gloves M | B33: Normal | C33: 0 | D33: =D32 * _xlfn.XLOOKUP("Normal", DemandProfile[Profile], DemandProfile[Multiplier]) -> 0.525 | E33: =E32 * _xlfn.XLOOKUP("Normal", DemandProfile[Profile], DemandProfile[Multiplier]) -> 0.525 | F33: =F32 * _xlfn.XLOOKUP("Normal", DemandProfile[Profile], DemandProfile[Multiplier]) -> 0.525 | G33: =G32 * _xlfn.XLOOKUP("Normal", DemandProfile[Profile], DemandProfile[Multiplier]) -> 0.525 | H33: =H32 * _xlfn.XLOOKUP("Normal", DemandProfile[Profile], DemandProfile[Multiplier]) -> 0.525 | I33: =I32 * _xlfn.XLOOKUP("Normal", DemandProfile[Profile], DemandProfile[Multiplier]) -> 0.525 | J33: =J32 * _xlfn.XLOOKUP("Normal", DemandProfile[Profile], DemandProfile[Multiplier]) -> 0.525 | K33: =K32 -> 0 | L33: =UsageProfiles[[#This Row],[Mon]]+UsageProfiles[[#This Row],[Tue]]+UsageProfiles[[#This Row],[Wed]]+UsageProfiles[[#This Row],[Thu]]+UsageProfiles[[#This Row],[Fri]]+UsageProfiles[[#This Row],[Sat]]+UsageProfiles[[#This Row],[Sun]] -> 3.675 | M33: =ROUNDUP(UsageProfiles[[#This Row],[Buffer]]*_xlfn.XLOOKUP(UsageProfiles[[#This Row],[Profile]], DemandProfile[Profile], DemandProfile[Multiplier]),0) -> 0 | N33: =ROUNDUP(UsageProfiles[[#This Row],[Weekly_Usage]]+UsageProfiles[[#This Row],[Adjusted_Buffer]],1) -> 3.7
A34: Gloves M | B34: High | C34: 0 | D34: =D32 * _xlfn.XLOOKUP("High", DemandProfile[Profile], DemandProfile[Multiplier]) -> 0.575 | E34: =E32 * _xlfn.XLOOKUP("High", DemandProfile[Profile], DemandProfile[Multiplier]) -> 0.575 | F34: =F32 * _xlfn.XLOOKUP("High", DemandProfile[Profile], DemandProfile[Multiplier]) -> 0.575 | G34: =G32 * _xlfn.XLOOKUP("High", DemandProfile[Profile], DemandProfile[Multiplier]) -> 0.575 | H34: =H32 * _xlfn.XLOOKUP("High", DemandProfile[Profile], DemandProfile[Multiplier]) -> 0.575 | I34: =I32 * _xlfn.XLOOKUP("High", DemandProfile[Profile], DemandProfile[Multiplier]) -> 0.575 | J34: =J32 * _xlfn.XLOOKUP("High", DemandProfile[Profile], DemandProfile[Multiplier]) -> 0.575 | K34: =K32 -> 0 | L34: =UsageProfiles[[#This Row],[Mon]]+UsageProfiles[[#This Row],[Tue]]+UsageProfiles[[#This Row],[Wed]]+UsageProfiles[[#This Row],[Thu]]+UsageProfiles[[#This Row],[Fri]]+UsageProfiles[[#This Row],[Sat]]+UsageProfiles[[#This Row],[Sun]] -> 4.025 | M34: =ROUNDUP(UsageProfiles[[#This Row],[Buffer]]*_xlfn.XLOOKUP(UsageProfiles[[#This Row],[Profile]], DemandProfile[Profile], DemandProfile[Multiplier]),0) -> 0 | N34: =ROUNDUP(UsageProfiles[[#This Row],[Weekly_Usage]]+UsageProfiles[[#This Row],[Adjusted_Buffer]],1) -> 4.1
A35: Protein Item A | B35: Low | C35: 500 | D35: 1 | E35: 1 | F35: 1 | G35: 2 | H35: 2 | I35: 2 | J35: 2 | K35: 1 | L35: =UsageProfiles[[#This Row],[Mon]]+UsageProfiles[[#This Row],[Tue]]+UsageProfiles[[#This Row],[Wed]]+UsageProfiles[[#This Row],[Thu]]+UsageProfiles[[#This Row],[Fri]]+UsageProfiles[[#This Row],[Sat]]+UsageProfiles[[#This Row],[Sun]] -> 11 | M35: =ROUNDUP(UsageProfiles[[#This Row],[Buffer]]*_xlfn.XLOOKUP(UsageProfiles[[#This Row],[Profile]], DemandProfile[Profile], DemandProfile[Multiplier]),0) -> 1 | N35: =ROUNDUP(UsageProfiles[[#This Row],[Weekly_Usage]]+UsageProfiles[[#This Row],[Adjusted_Buffer]],1) -> 12
A36: Protein Item A | B36: Normal | C36: 500 | D36: =D35 * _xlfn.XLOOKUP("Normal", DemandProfile[Profile], DemandProfile[Multiplier]) -> 1.05 | E36: =E35 * _xlfn.XLOOKUP("Normal", DemandProfile[Profile], DemandProfile[Multiplier]) -> 1.05 | F36: =F35 * _xlfn.XLOOKUP("Normal", DemandProfile[Profile], DemandProfile[Multiplier]) -> 1.05 | G36: =G35 * _xlfn.XLOOKUP("Normal", DemandProfile[Profile], DemandProfile[Multiplier]) -> 2.1 | H36: =H35 * _xlfn.XLOOKUP("Normal", DemandProfile[Profile], DemandProfile[Multiplier]) -> 2.1 | I36: =I35 * _xlfn.XLOOKUP("Normal", DemandProfile[Profile], DemandProfile[Multiplier]) -> 2.1 | J36: =J35 * _xlfn.XLOOKUP("Normal", DemandProfile[Profile], DemandProfile[Multiplier]) -> 2.1 | K36: =K35 -> 1 | L36: =UsageProfiles[[#This Row],[Mon]]+UsageProfiles[[#This Row],[Tue]]+UsageProfiles[[#This Row],[Wed]]+UsageProfiles[[#This Row],[Thu]]+UsageProfiles[[#This Row],[Fri]]+UsageProfiles[[#This Row],[Sat]]+UsageProfiles[[#This Row],[Sun]] -> 11.55 | M36: =ROUNDUP(UsageProfiles[[#This Row],[Buffer]]*_xlfn.XLOOKUP(UsageProfiles[[#This Row],[Profile]], DemandProfile[Profile], DemandProfile[Multiplier]),0) -> 2 | N36: =ROUNDUP(UsageProfiles[[#This Row],[Weekly_Usage]]+UsageProfiles[[#This Row],[Adjusted_Buffer]],1) -> 13.6
A37: Protein Item A | B37: High | C37: 500 | D37: =D35 * _xlfn.XLOOKUP("High", DemandProfile[Profile], DemandProfile[Multiplier]) -> 1.15 | E37: =E35 * _xlfn.XLOOKUP("High", DemandProfile[Profile], DemandProfile[Multiplier]) -> 1.15 | F37: =F35 * _xlfn.XLOOKUP("High", DemandProfile[Profile], DemandProfile[Multiplier]) -> 1.15 | G37: =G35 * _xlfn.XLOOKUP("High", DemandProfile[Profile], DemandProfile[Multiplier]) -> 2.3 | H37: =H35 * _xlfn.XLOOKUP("High", DemandProfile[Profile], DemandProfile[Multiplier]) -> 2.3 | I37: =I35 * _xlfn.XLOOKUP("High", DemandProfile[Profile], DemandProfile[Multiplier]) -> 2.3 | J37: =J35 * _xlfn.XLOOKUP("High", DemandProfile[Profile], DemandProfile[Multiplier]) -> 2.3 | K37: =K35 -> 1 | L37: =UsageProfiles[[#This Row],[Mon]]+UsageProfiles[[#This Row],[Tue]]+UsageProfiles[[#This Row],[Wed]]+UsageProfiles[[#This Row],[Thu]]+UsageProfiles[[#This Row],[Fri]]+UsageProfiles[[#This Row],[Sat]]+UsageProfiles[[#This Row],[Sun]] -> 12.65 | M37: =ROUNDUP(UsageProfiles[[#This Row],[Buffer]]*_xlfn.XLOOKUP(UsageProfiles[[#This Row],[Profile]], DemandProfile[Profile], DemandProfile[Multiplier]),0) -> 2 | N37: =ROUNDUP(UsageProfiles[[#This Row],[Weekly_Usage]]+UsageProfiles[[#This Row],[Adjusted_Buffer]],1) -> 14.7
A38: Frozen Item B | B38: Low | C38: 1000 | D38: 1 | E38: 1 | F38: 1 | G38: 2 | H38: 2 | I38: 2 | J38: 2 | K38: 1 | L38: =UsageProfiles[[#This Row],[Mon]]+UsageProfiles[[#This Row],[Tue]]+UsageProfiles[[#This Row],[Wed]]+UsageProfiles[[#This Row],[Thu]]+UsageProfiles[[#This Row],[Fri]]+UsageProfiles[[#This Row],[Sat]]+UsageProfiles[[#This Row],[Sun]] -> 11 | M38: =ROUNDUP(UsageProfiles[[#This Row],[Buffer]]*_xlfn.XLOOKUP(UsageProfiles[[#This Row],[Profile]], DemandProfile[Profile], DemandProfile[Multiplier]),0) -> 1 | N38: =ROUNDUP(UsageProfiles[[#This Row],[Weekly_Usage]]+UsageProfiles[[#This Row],[Adjusted_Buffer]],1) -> 12
A39: Frozen Item B | B39: Normal | C39: 1000 | D39: =D38 * _xlfn.XLOOKUP("Normal", DemandProfile[Profile], DemandProfile[Multiplier]) -> 1.05 | E39: =E38 * _xlfn.XLOOKUP("Normal", DemandProfile[Profile], DemandProfile[Multiplier]) -> 1.05 | F39: =F38 * _xlfn.XLOOKUP("Normal", DemandProfile[Profile], DemandProfile[Multiplier]) -> 1.05 | G39: =G38 * _xlfn.XLOOKUP("Normal", DemandProfile[Profile], DemandProfile[Multiplier]) -> 2.1 | H39: =H38 * _xlfn.XLOOKUP("Normal", DemandProfile[Profile], DemandProfile[Multiplier]) -> 2.1 | I39: =I38 * _xlfn.XLOOKUP("Normal", DemandProfile[Profile], DemandProfile[Multiplier]) -> 2.1 | J39: =J38 * _xlfn.XLOOKUP("Normal", DemandProfile[Profile], DemandProfile[Multiplier]) -> 2.1 | K39: =K38 -> 1 | L39: =UsageProfiles[[#This Row],[Mon]]+UsageProfiles[[#This Row],[Tue]]+UsageProfiles[[#This Row],[Wed]]+UsageProfiles[[#This Row],[Thu]]+UsageProfiles[[#This Row],[Fri]]+UsageProfiles[[#This Row],[Sat]]+UsageProfiles[[#This Row],[Sun]] -> 11.55 | M39: =ROUNDUP(UsageProfiles[[#This Row],[Buffer]]*_xlfn.XLOOKUP(UsageProfiles[[#This Row],[Profile]], DemandProfile[Profile], DemandProfile[Multiplier]),0) -> 2 | N39: =ROUNDUP(UsageProfiles[[#This Row],[Weekly_Usage]]+UsageProfiles[[#This Row],[Adjusted_Buffer]],1) -> 13.6
A40: Frozen Item B | B40: High | C40: 1000 | D40: =D38 * _xlfn.XLOOKUP("High", DemandProfile[Profile], DemandProfile[Multiplier]) -> 1.15 | E40: =E38 * _xlfn.XLOOKUP("High", DemandProfile[Profile], DemandProfile[Multiplier]) -> 1.15 | F40: =F38 * _xlfn.XLOOKUP("High", DemandProfile[Profile], DemandProfile[Multiplier]) -> 1.15 | G40: =G38 * _xlfn.XLOOKUP("High", DemandProfile[Profile], DemandProfile[Multiplier]) -> 2.3 | H40: =H38 * _xlfn.XLOOKUP("High", DemandProfile[Profile], DemandProfile[Multiplier]) -> 2.3 | I40: =I38 * _xlfn.XLOOKUP("High", DemandProfile[Profile], DemandProfile[Multiplier]) -> 2.3 | J40: =J38 * _xlfn.XLOOKUP("High", DemandProfile[Profile], DemandProfile[Multiplier]) -> 2.3 | K40: =K38 -> 1 | L40: =UsageProfiles[[#This Row],[Mon]]+UsageProfiles[[#This Row],[Tue]]+UsageProfiles[[#This Row],[Wed]]+UsageProfiles[[#This Row],[Thu]]+UsageProfiles[[#This Row],[Fri]]+UsageProfiles[[#This Row],[Sat]]+UsageProfiles[[#This Row],[Sun]] -> 12.65 | M40: =ROUNDUP(UsageProfiles[[#This Row],[Buffer]]*_xlfn.XLOOKUP(UsageProfiles[[#This Row],[Profile]], DemandProfile[Profile], DemandProfile[Multiplier]),0) -> 2 | N40: =ROUNDUP(UsageProfiles[[#This Row],[Weekly_Usage]]+UsageProfiles[[#This Row],[Adjusted_Buffer]],1) -> 14.7
